Screen Name,Status ID,Text,Local Timestamp,Likes,Retweets,State,Outage_status
ErikMoses_,1.11E+16,@MorganhooverX lol yeah in winter storm 5 lol but i think i got some,12/4/2010 10:41,"Like
    
      
    
  
  
    
      
      
      Liked","Retweet
    
      
    
  
  
    
      
      Retweeted",VT,0
MEGScolli,1.52E+17,"Ford makes it, power stroke shakes it. Shake shake ;)",12/28/2011 3:44,"Like
    
      
    
  
  
    
      
      
      Liked","Retweet
    
      
    
  
  
    
      
      Retweeted",VT,0
NICK_E_STEEZ,1.50E+17,Do you idiots not understand that every time the gov't shuts down a coal power plant your energy bills go up?,12/21/2011 15:55,"Like
    
      
    
  
  
    
      
      
      Liked","Retweet
    
      
    
  
  
    
      
      Retweeted",VT,0
MrObveeus,1.48E+17,@dwfaust A couple of years ago I warned by daughter of an impending power outage in the game room. She thought it was a bluff. Shoulda saved,12/17/2011 9:31,"Like
    
      
    
  
  
    
      
      
      Liked","Retweet
    
      
    
  
  
    
      
      Retweeted",VT,0
LinkedIn,1.08E+18,"Aaron wanted a job that would let him pursue his passion for helping others. With the help of a hiring manager who found his profile on LinkedIn, Aaron found that opportunity. Find your next job on LinkedIn: https://lnkd.in/g_8wpjd  #InItTogetherpic.twitter.com/hpEoZWjcR0",1/6/2019 20:32,"Like
    
      
    445
  
  
    
      
      
      Liked
    
      
    445","Retweet
    
      
    67
  
  
    
      
      Retweeted
    
      
    67",VT,1
ldavidptl,1.47E+17,"'...Blessing and honor and glory and power  Be  to Him who sits on the throne, And to the Lamb, forever and ever!'Rev.5:13 JESUS lives!",12/15/2011 6:37,"Like
    
      
    
  
  
    
      
      
      Liked","Retweet
    
      
    
  
  
    
      
      Retweeted",VT,1
ldavidptl,1.47E+17,"'...Worthy is the Lamb who was slain To receive power and riches and wisdom, And strength and honor and glory and blessing!' Rev.5:12",12/15/2011 6:32,"Like
    
      
    
  
  
    
      
      
      Liked","Retweet
    
      
    
  
  
    
      
      Retweeted",VT,1
ldavidptl,1.47E+17,"You are worthy, O Lord, To receive glory and honor and power; For You created all things, And by Your will they exist and were createdRev411",12/13/2011 6:44,"Like
    
      
    
  
  
    
      
      
      Liked","Retweet
    
      
    
  
  
    
      
      Retweeted",VT,1
ldavidptl,1.45E+17,"'For God has not given us a spirit of fear, but of power and of love and of a sound mind.' 2 Timothy 1:7 power / love / sound mind - TGBTG",12/9/2011 4:21,"Like
    
      
    
  
  
    
      
      
      Liked","Retweet
    
      
    
  
  
    
      
      Retweeted",VT,1
ldavidptl,1.44E+17,Breaking News - Jesus breaks the power of cancelled sin! Confess - Repent - Restore - Forgive - Love and live free from Satan's captivity.,12/7/2011 5:23,"Like
    
      
    
  
  
    
      
      
      Liked","Retweet
    
      
    
  
  
    
      
      Retweeted",VT,1
ldavidptl,1.42E+17,Pray for one another. Be strong in the LORD and the power of His might. Put your trust in Jesus Christ. Pray continuously and with gratitude,12/1/2011 18:00,"Like
    
      
    
  
  
    
      
      
      Liked","Retweet
    
      
    
  
  
    
      
      Retweeted",VT,1
ldavidptl,1.42E+17,"@DukeEnergy need power at 11525 E 100 S in Greentown, IN 46936.",11/30/2011 17:14,"Like
    
      
    
  
  
    
      
      
      Liked","Retweet
    
      
    
  
  
    
      
      Retweeted",VT,0
MrPowersBelt,1.42E+17,How many Hicks does it take to fix a power outage?? Apparently not enough!,11/29/2011 22:35,"Like
    
      
    
  
  
    
      
      
      Liked","Retweet
    
      
    
  
  
    
      
      Retweeted",VT,0
Kyle_Mundell,1.42E+17,"Well, the power is back on... What to do now. How about eat a bunch of food.",11/29/2011 22:34,"Like
    
      
    
  
  
    
      
      
      Liked","Retweet
    
      
    
  
  
    
      
      Retweeted",VT,0
_madychristiane,1.42E+17,I wonder if 'I didn't have power' is a good excuse for not doing my homework. I mean .. My power hasn't gone out but still -.-,11/29/2011 22:16,"Like
    
      
    
  
  
    
      
      
      Liked","Retweet
    
      
    
  
  
    
      
      Retweeted",VT,0
AdamG_27,1.42E+17,@mandala22 no we got power but it was dimming in and out all night,11/29/2011 21:56,"Like
    
      
    
  
  
    
      
      
      Liked","Retweet
    
      
    
  
  
    
      
      Retweeted",VT,0
Zthieke,1.42E+17,Without power! #dangweather lol,11/29/2011 21:38,"Like
    
      
    
  
  
    
      
      
      Liked","Retweet
    
      
    
  
  
    
      
      Retweeted",VT,0
TheQueenBMILLER,1.42E+17,The power may be out but I got Netflix on my phone #winnjng,11/29/2011 20:47,"Like
    
      
    
  
  
    
      
      
      Liked","Retweet
    
      
    
  
  
    
      
      Retweeted",VT,0
Southern_Cowgrl,1.42E+17,@DrDirty_bitch1 I came home to no power and I don't even have my truck=(,11/29/2011 18:19,"Like
    
      
    
  
  
    
      
      
      Liked","Retweet
    
      
    
  
  
    
      
      Retweeted",VT,0
Southern_Cowgrl,1.42E+17,@DrDirty_bitch1 this sucks lol I want my power back too!!,11/29/2011 18:17,"Like
    
      
    
  
  
    
      
      
      Liked","Retweet
    
      
    
  
  
    
      
      Retweeted",VT,0
Kyle_Mundell,1.42E+17,"Well, power's out. I guess I'll throw my makeshift head lamp on.",11/29/2011 17:37,"Like
    
      
    
  
  
    
      
      
      Liked","Retweet
    
      
    
  
  
    
      
      Retweeted",VT,0
GetIndDesigJobs,1.37E+17,"Power Electronics Mecha... - #Kokomo , IN (http://tinyurl.com/7pefkhu ) Get Industrial Design Jobs #IndustrialDesign #jobs #job #GetAllJobs",11/17/2011 5:30,"Like
    
      
    
  
  
    
      
      
      Liked","Retweet
    
      
    
  
  
    
      
      Retweeted",VT,1
KokomoIN,1.37E+17,special weather statement national weather service jackson ms 216 am cst wed nov 16 2011 ...storm exhibiting some ro... http://j.mp/tMVQ7o,11/16/2011 3:57,"Like
    
      
    
  
  
    
      
      
      Liked","Retweet
    
      
    
  
  
    
      
      Retweeted",VT,1
My_CarWashKing,1.36E+17,Anybody get caught in the storm last night and receive any hail damage? Come on by and receive a free paint less dent removal quote today,11/15/2011 9:56,"Like
    
      
    
  
  
    
      
      
      Liked","Retweet
    
      
    1
  
  
    
      
      Retweeted
    
      
    1",VT,1
sofiapotato,1.36E+17,each pokemon to understand the power that's inside,11/14/2011 20:04,"Like
    
      
    
  
  
    
      
      
      Liked","Retweet
    
      
    
  
  
    
      
      Retweeted",VT,1
Vanguard_Group,1.08E+18,Make the most of your earnings,1/8/2019 10:00,"Like
    
      
    11
  
  
    
      
      
      Liked
    
      
    11","Retweet
    
      
    2
  
  
    
      
      Retweeted
    
      
    2",VT,1
TheQueenBMILLER,1.36E+17,Idk why everyone is freaking out about this storm?! I'd rather it rain then snow!,11/14/2011 17:34,"Like
    
      
    
  
  
    
      
      
      Liked","Retweet
    
      
    
  
  
    
      
      Retweeted",VT,1
janellebarton7,1.36E+17,So hate this storm right now,11/14/2011 17:11,"Like
    
      
    
  
  
    
      
      
      Liked","Retweet
    
      
    
  
  
    
      
      Retweeted",VT,0
Kyle_Mundell,1.36E+17,"Next time this happens, I am having an apocalypse party. So, head to my house if you hear about power outages.",11/13/2011 19:30,"Like
    
      
    
  
  
    
      
      
      Liked","Retweet
    
      
    
  
  
    
      
      Retweeted",VT,0
Kyle_Mundell,1.36E+17,I love when the power goes out. Seriously... I do.,11/13/2011 13:53,"Like
    
      
    
  
  
    
      
      
      Liked","Retweet
    
      
    
  
  
    
      
      Retweeted",VT,0
AdamG_27,1.35E+17,"@CrashLogic it's barely even flurries here, by the time it gets east it will probably be a giant storm, at least that's how e rain worked",11/10/2011 13:37,"Like
    
      
    
  
  
    
      
      
      Liked","Retweet
    
      
    
  
  
    
      
      Retweeted",VT,1
AdamG_27,1.35E+17,"Cool I've had my iPod on playing music for an hour and a half and it's already at half power, is there ever gonna be an update?",11/10/2011 13:28,"Like
    
      
    
  
  
    
      
      
      Liked","Retweet
    
      
    
  
  
    
      
      Retweeted",VT,0
_Kayijuana,1.30E+17,"'@XSTROLOGY: For #Scorpio, knowledge is power.'",10/28/2011 21:20,"Like
    
      
    
  
  
    
      
      
      Liked","Retweet
    
      
    
  
  
    
      
      Retweeted",VT,1
iGoRilllaa,1.29E+17,Power is the ability to be in control ..,10/26/2011 12:23,"Like
    
      
    
  
  
    
      
      
      Liked","Retweet
    
      
    
  
  
    
      
      Retweeted",VT,1
_SydneySharae_,1.27E+17,My shows won't record with the power out :/,10/19/2011 19:46,"Like
    
      
    
  
  
    
      
      
      Liked","Retweet
    
      
    
  
  
    
      
      Retweeted",VT,0
_SydneySharae_,1.27E+17,No power means no heat...we gon freeze,10/19/2011 19:14,"Like
    
      
    
  
  
    
      
      
      Liked","Retweet
    
      
    
  
  
    
      
      Retweeted",VT,0
_SydneySharae_,1.27E+17,Sooooo the power just went out,10/19/2011 19:04,"Like
    
      
    
  
  
    
      
      
      Liked","Retweet
    
      
    
  
  
    
      
      Retweeted",VT,0
OG_reezy,1.25E+17,Power,10/15/2011 23:24,"Like
    
      
    
  
  
    
      
      
      Liked","Retweet
    
      
    
  
  
    
      
      Retweeted",VT,0
PolaBearLaflare,1.24E+17,"Puffin purple hash, welcome to my power circle!",10/11/2011 18:20,"Like
    
      
    
  
  
    
      
      
      Liked","Retweet
    
      
    
  
  
    
      
      Retweeted",VT,0
LegoMyKevo,1.23E+17,New whip looking like a storm trooper  http://yfrog.com/g0xh0fej,10/10/2011 13:23,"Like
    
      
    
  
  
    
      
      
      Liked","Retweet
    
      
    
  
  
    
      
      Retweeted",VT,1
TheQueenBMILLER,1.21E+17,"It's clear to me now. I just read my horoscope. #Cancer, today it's all about owning people & messing stuff up; Our power reigns supreme.",10/3/2011 18:18,"Like
    
      
    
  
  
    
      
      
      Liked","Retweet
    
      
    
  
  
    
      
      Retweeted",VT,1
LefoverLasagna,1.19E+17,My battery power sucks hiv dick.,9/28/2011 21:07,"Like
    
      
    
  
  
    
      
      
      Liked","Retweet
    
      
    
  
  
    
      
      Retweeted",VT,0
AdamG_27,1.19E+17,The chick on xFactor right now reminds me of the original yellow power ranger.,9/28/2011 20:46,"Like
    
      
    
  
  
    
      
      
      Liked","Retweet
    
      
    
  
  
    
      
      Retweeted",VT,1
shelby_bishopp,1.16E+17,"The deeper you love someone, the greater power they have to hurt you. So love wisely",9/18/2011 19:13,"Like
    
      
    
  
  
    
      
      
      Liked","Retweet
    
      
    
  
  
    
      
      Retweeted",VT,1
KokomoIN,1.11E+17,tropical storm lee will bring torrential rainfall to much of the arklamiss through labor day… …flash flood watch remains… http://j.mp/pH0C3B,9/4/2011 21:20,"Like
    
      
    
  
  
    
      
      
      Liked","Retweet
    
      
    
  
  
    
      
      Retweeted",VT,1
KokomoIN,1.10E+17,tropical storm lee will bring torrential rainfall to much of the arklamiss through the first half of labor day… …flash f… http://j.mp/oCDTHu,9/4/2011 10:49,"Like
    
      
    
  
  
    
      
      
      Liked","Retweet
    
      
    
  
  
    
      
      Retweeted",VT,1
Vanguard_Group,1.08E+18,Make the most of your earnings,1/8/2019 10:00,"Like
    
      
    11
  
  
    
      
      
      Liked
    
      
    11","Retweet
    
      
    2
  
  
    
      
      Retweeted
    
      
    2",VT,1
KokomoIN,1.10E+17,tropical storm lee will bring torrential rainfall to much of the arklamiss through labor day holiday… …flash flood watch… http://j.mp/oP4erh,9/3/2011 6:32,"Like
    
      
    
  
  
    
      
      
      Liked","Retweet
    
      
    
  
  
    
      
      Retweeted",VT,1
KokomoIN,1.10E+17,tropical storm lee will bring torrential rainfall to much of the arklamiss this weekend… …flash flood watch remains in e… http://j.mp/o8bXey,9/2/2011 23:50,"Like
    
      
    
  
  
    
      
      
      Liked","Retweet
    
      
    
  
  
    
      
      Retweeted",VT,1
KokomoIN,1.10E+17,tropical storm lee will bring torrential rainfall to much of the arklamiss this weekend… …flash flood watch in effect fr… http://j.mp/rh0rXn,9/2/2011 17:19,"Like
    
      
    
  
  
    
      
      
      Liked","Retweet
    
      
    
  
  
    
      
      Retweeted",VT,1
GetMarEnginJobs,1.09E+17,"Power Electronics Mec... - #Kokomo , IN (http://tinyurl.com/3jg9axq ) Get Marine Engineering Jobs #MarineEngineering #jobs #job #GetAllJobs",9/1/2011 11:29,"Like
    
      
    
  
  
    
      
      
      Liked","Retweet
    
      
    
  
  
    
      
      Retweeted",VT,1
GetCivEnginJobs,1.09E+17,"Power Electronics Elect... - #Kokomo , IN (http://tinyurl.com/3bvsllw ) Get Civil Engineering Jobs #CivilEngineering #jobs #job #GetAllJobs",9/1/2011 1:28,"Like
    
      
    
  
  
    
      
      
      Liked","Retweet
    
      
    
  
  
    
      
      Retweeted",VT,0
GetMecEnginJobs,1.09E+17,"Power Electronics M... - #Kokomo , IN (http://tinyurl.com/3n3fk4f ) Get Mechanical Engineer Jobs #MechanicalEngineer #jobs #job #GetAllJobs",8/31/2011 23:22,"Like
    
      
    
  
  
    
      
      
      Liked","Retweet
    
      
    
  
  
    
      
      Retweeted",VT,1
GetMinEnginJobs,1.09E+17,"Power Electronics Ele... - #Kokomo , IN (http://tinyurl.com/3qmfzcj ) Get Mining Engineering Jobs #MiningEngineering #jobs #job #GetAllJobs",8/31/2011 22:22,"Like
    
      
    
  
  
    
      
      
      Liked","Retweet
    
      
    
  
  
    
      
      Retweeted",VT,0
GetIndDesigJobs,1.09E+17,"Power Electronics Mecha... - #Kokomo , IN (http://tinyurl.com/3vx5wdv ) Get Industrial Design Jobs #IndustrialDesign #jobs #job #GetAllJobs",8/31/2011 21:42,"Like
    
      
    
  
  
    
      
      
      Liked","Retweet
    
      
    
  
  
    
      
      Retweeted",VT,1
GetMecEnginJobs,1.08E+17,"Power Electronics M... - #Kokomo , IN (http://tinyurl.com/3g7u48v ) Get Mechanical Engineer Jobs #MechanicalEngineer #jobs #job #GetAllJobs",8/29/2011 6:40,"Like
    
      
    
  
  
    
      
      
      Liked","Retweet
    
      
    
  
  
    
      
      Retweeted",VT,1
SlickJames19,1.07E+17,Easiest job power washin houses before you paint them,8/25/2011 11:14,"Like
    
      
    
  
  
    
      
      
      Liked","Retweet
    
      
    
  
  
    
      
      Retweeted",VT,1
TyRoseMusic,1.07E+17,Well……there's a storm……I'm thinking time for bed. Yep……I'll get the sleeping pills……,8/24/2011 20:19,"Like
    
      
    
  
  
    
      
      
      Liked","Retweet
    
      
    
  
  
    
      
      Retweeted",VT,0
eventcrazy_in,1.05E+17,"Hesston Steam and Power Show: Sep 02, 2011 - Sep 05, 2011 Laporte, IN 46360 http://dlvr.it/h7BRJ  #EventCrazyIN #LaporteIN",8/20/2011 23:30,"Like
    
      
    
  
  
    
      
      
      Liked","Retweet
    
      
    
  
  
    
      
      Retweeted",VT,1
MEGScolli,1.05E+17,It's about to storm. I see it on the horizon.,8/20/2011 21:58,"Like
    
      
    
  
  
    
      
      
      Liked","Retweet
    
      
    
  
  
    
      
      Retweeted",VT,1
BIGK1994,1.05E+17,It's about to storm,8/20/2011 16:10,"Like
    
      
    
  
  
    
      
      
      Liked","Retweet
    
      
    
  
  
    
      
      Retweeted",VT,1
BennettTheGreat,1.05E+17,Working the kid rock show tonight hopefully it doesn't shit storm,8/20/2011 8:52,"Like
    
      
    
  
  
    
      
      
      Liked","Retweet
    
      
    
  
  
    
      
      Retweeted",VT,1
wickedwxbot,1.03E+17,"damaging #wind - BUNKER HILL, #IN -- TREE LIMBS DOWN ON POWER LINES. SEVERAL OTHER REPORTS OF TREES AND POWER LINES D... http://goo.gl/58VaQ",8/13/2011 20:51,"Like
    
      
    
  
  
    
      
      
      Liked","Retweet
    
      
    
  
  
    
      
      Retweeted",VT,0
_SydneySharae_,1.03E+17,Finally the storm is hitting kokomo :),8/13/2011 19:10,"Like
    
      
    
  
  
    
      
      
      Liked","Retweet
    
      
    
  
  
    
      
      Retweeted",VT,1
FlawlessLawlyes,1.01E+17,Driving out in the storm and tweeting while driving :) what is wrong with me lol,8/8/2011 20:19,"Like
    
      
    
  
  
    
      
      
      Liked","Retweet
    
      
    
  
  
    
      
      Retweeted",VT,1
wickedwxbot,1.00E+17,"damaging #wind - KOKOMO, #IN -- LARGE TREE AND POWER LINES DOWN. WIND ESTIMATED AT 60 MPH. (IND) http://goo.gl/3oAOB",8/7/2011 13:51,"Like
    
      
    
  
  
    
      
      
      Liked","Retweet
    
      
    
  
  
    
      
      Retweeted",VT,0
OG_reezy,1.00E+17,Can't b havin the power go at !! #no!,8/7/2011 13:04,"Like
    
      
    
  
  
    
      
      
      Liked","Retweet
    
      
    
  
  
    
      
      Retweeted",VT,0
Apple,1.08E+18,A handwritten sign-off: the new iPad Pro and Apple Pencil give your emails a personal touch.,1/7/2019 20:47,"Like
    
      
    1
  
  
    
      
      
      Liked
    
      
    1","Retweet
    
      
    
  
  
    
      
      Retweeted",VT,1
AdamG_27,9.86E+16,@jmmyers0329 this is not a pleasant storm. #Nomegusta,8/3/2011 1:22,"Like
    
      
    
  
  
    
      
      
      Liked","Retweet
    
      
    
  
  
    
      
      Retweeted",VT,1
eventcrazy_in,9.82E+16,"Michigan City In-Water Sail and Power Boat Show: Aug 18, 2011 - Aug 21, 2011 Michigan... http://dlvr.it/dTWYq #EventCrazyIN #MichiganCityIN",8/1/2011 23:24,"Like
    
      
    
  
  
    
      
      
      Liked","Retweet
    
      
    
  
  
    
      
      Retweeted",VT,1
eventcrazy_in,9.82E+16,"Greensburg Power of The Past: Aug 18, 2011 - Aug 21, 2011 Greensburg, IN 47240 http://dlvr.it/dTWXp #EventCrazyIN #GreensburgIN",8/1/2011 23:24,"Like
    
      
    
  
  
    
      
      
      Liked","Retweet
    
      
    
  
  
    
      
      Retweeted",VT,0
KokomoIN,9.82E+16,another strong storm building near columbia…moving southwest… a strong thunderstorm capable of producing 40 mph winds an… http://j.mp/oAMN7B,8/1/2011 19:23,"Like
    
      
    
  
  
    
      
      
      Liked","Retweet
    
      
    
  
  
    
      
      Retweeted",VT,1
KokomoIN,9.82E+16,another strong storm near kokomo moving southwest… a strong thunderstorm capable of producing pea to dime size hail and … http://j.mp/nReWsI,8/1/2011 17:16,"Like
    
      
    
  
  
    
      
      
      Liked","Retweet
    
      
    
  
  
    
      
      Retweeted",VT,1
KokomoIN,9.81E+16,strong storm moving southwest into the columbia area shortly… a strong thunderstorm capable of producing pea size hail a… http://j.mp/ohDD90,8/1/2011 16:45,"Like
    
      
    
  
  
    
      
      
      Liked","Retweet
    
      
    
  
  
    
      
      Retweeted",VT,1
GetMecEnginJobs,9.62E+16,"Power Electronics M... - #Kokomo , IN (http://tinyurl.com/3qy6ur8) Get Mechanical Engineer Jobs #MechanicalEngineer #jobs #job #GetAllJobs",7/27/2011 8:16,"Like
    
      
    
  
  
    
      
      
      Liked","Retweet
    
      
    
  
  
    
      
      Retweeted",VT,1
topix_in,9.50E+16,Severe storm makes for memorable wedding day - http://bit.ly/pP0RTG #Sharpsville #Indiana,7/24/2011 1:33,"Like
    
      
    
  
  
    
      
      
      Liked","Retweet
    
      
    
  
  
    
      
      Retweeted",VT,1
eventcrazy_in,9.25E+16,"Gaelic Storm: Jul 28, 2011 Indianapolis, IN 46220 http://dlvr.it/bTDH2 #EventCrazyIN #IndianapolisIN",7/17/2011 1:43,"Like
    
      
    
  
  
    
      
      
      Liked","Retweet
    
      
    
  
  
    
      
      Retweeted",VT,1
Kyle_Mundell,9.12E+16,@KThornbloom- I wish I would've known you wanted some like that... I already bought you some Power Puff Girls ones.,7/13/2011 14:02,"Like
    
      
    
  
  
    
      
      
      Liked","Retweet
    
      
    
  
  
    
      
      Retweeted",VT,1
KweenB_14,9.08E+16,dang @britt_nichole13 is tweeting up a storm and blowing my phone up!!,7/12/2011 9:54,"Like
    
      
    
  
  
    
      
      
      Liked","Retweet
    
      
    
  
  
    
      
      Retweeted",VT,1
KweenB_14,9.06E+16,"this storm is making me want to go to sleep, but i think i mite just watch the home run derby instead(:",7/11/2011 19:23,"Like
    
      
    
  
  
    
      
      
      Liked","Retweet
    
      
    
  
  
    
      
      Retweeted",VT,0
eventcrazy_in,8.81E+16,"Antique Power Show: Jul 14, 2011 - Jul 17, 2011 Winamac, IN 46996 http://dlvr.it/YysFd #EventCrazyIN #WinamacIN",7/5/2011 0:24,"Like
    
      
    
  
  
    
      
      
      Liked","Retweet
    
      
    
  
  
    
      
      Retweeted",VT,0
heydudeitszachh,8.80E+16,The ole red rocket. No power steering. No brakes. No rearview mirror. Oh man.,7/4/2011 15:31,"Like
    
      
    
  
  
    
      
      
      Liked","Retweet
    
      
    
  
  
    
      
      Retweeted",VT,1
KidCOdY93,8.78E+16,Did you know that Michio Kaku predicted that there will be a 100-year storm on earth this year!? :o,7/4/2011 4:15,"Like
    
      
    
  
  
    
      
      
      Liked","Retweet
    
      
    
  
  
    
      
      Retweeted",VT,1
HulkModeFitness,8.74E+16,Fuck!! This stupid fuckin storm took out the credit card machine at soupleys now I have no beer for the rest of the weekend and the holiday,7/2/2011 23:06,"Like
    
      
    
  
  
    
      
      
      Liked","Retweet
    
      
    
  
  
    
      
      Retweeted",VT,0
desirefordenim,8.74E+16,The lighting show is almost better than the fireworks...a storm blew in fast!!!,7/2/2011 22:32,"Like
    
      
    
  
  
    
      
      
      Liked","Retweet
    
      
    
  
  
    
      
      Retweeted",VT,0
Allyjandro_,8.73E+16,Sucks to be everyone at Haynes Apperson. It's about to storm. Haha,7/2/2011 19:57,"Like
    
      
    
  
  
    
      
      
      Liked","Retweet
    
      
    
  
  
    
      
      Retweeted",VT,1
KweenB_14,8.66E+16,'in brightest day in blackest nite no evil shall escape my site let those who worship evils mite beware my power green lanturns light!' #nw,6/30/2011 20:31,"Like
    
      
    
  
  
    
      
      
      Liked","Retweet
    
      
    
  
  
    
      
      Retweeted",VT,1
Brado714,8.63E+16,#ialwayswantedtobea power ranger #blueone,6/30/2011 0:20,"Like
    
      
    
  
  
    
      
      
      Liked","Retweet
    
      
    
  
  
    
      
      Retweeted",VT,1
Vanguard_Group,1.08E+18,Make the most of your earnings,1/8/2019 10:00,"Like
    
      
    11
  
  
    
      
      
      Liked
    
      
    11","Retweet
    
      
    2
  
  
    
      
      Retweeted
    
      
    2",VT,1
eventcrazy_in,8.52E+16,"Antique Power Steam Show: Jul 08, 2011 - Jul 10, 2011 Crown Point, IN 46308 http://dlvr.it/XyL6l #EventCrazyIN #CrownPointIN",6/27/2011 1:10,"Like
    
      
    
  
  
    
      
      
      Liked","Retweet
    
      
    
  
  
    
      
      Retweeted",VT,1
Allyjandro_,8.33E+16,@vick4r0r4 but then it started to storm so I came inside.,6/21/2011 18:13,"Like
    
      
    
  
  
    
      
      
      Liked","Retweet
    
      
    
  
  
    
      
      Retweeted",VT,1
cum2thedarkside,8.29E+16,Angry storm clouds are angry.... http://twitpic.com/5ed9rh,6/20/2011 11:51,"Like
    
      
    
  
  
    
      
      
      Liked","Retweet
    
      
    
  
  
    
      
      Retweeted",VT,1
MiddleHills,8.22E+16,Storm is brewing. #weather #travel http://campl.us/bFEe,6/18/2011 17:57,"Like
    
      
    
  
  
    
      
      
      Liked","Retweet
    
      
    
  
  
    
      
      Retweeted",VT,1
KyleSadler,8.08E+16,"I have never been so scared while working out. This guy just screamed as loud as he could, power walked to the the treadmill and is intense!",6/14/2011 17:39,"Like
    
      
    
  
  
    
      
      
      Liked","Retweet
    
      
    
  
  
    
      
      Retweeted",VT,1
FlawlessLawlyes,8.00E+16,whose the judge? whoever wants power over others,6/12/2011 17:03,"Like
    
      
    
  
  
    
      
      
      Liked","Retweet
    
      
    
  
  
    
      
      Retweeted",VT,1
eventcrazy_in,7.98E+16,"Antique Power Association Tractor Drive and Show: Jun 24, 2011 - Jun 26, 2011 Rockville,... http://dlvr.it/W0Gw3 #EventCrazyIN #RockvilleIN",6/12/2011 1:53,"Like
    
      
    
  
  
    
      
      
      Liked","Retweet
    
      
    
  
  
    
      
      Retweeted",VT,1
Kyle_Mundell,7.94E+16,Feel da power!!!,6/11/2011 2:14,"Like
    
      
    
  
  
    
      
      
      Liked","Retweet
    
      
    
  
  
    
      
      Retweeted",VT,1
eventcrazy_in,7.72E+16,"Fulton County Historical Power Show: Jun 17, 2011 - Jun 19, 2011 Rochester, IN 46975 http://dlvr.it/V6pSH #EventCrazyIN #RochesterIN",6/5/2011 0:18,"Like
    
      
    
  
  
    
      
      
      Liked","Retweet
    
      
    
  
  
    
      
      Retweeted",VT,0
msangiemonroe_,7.71E+16,#Lifetime flow til this storm passover,6/4/2011 17:31,"Like
    
      
    
  
  
    
      
      
      Liked","Retweet
    
      
    
  
  
    
      
      Retweeted",VT,1
LefoverLasagna,7.71E+16,Power goes out why shana's in the shower lol hilarious. An T cuddles up with puppys. An me an steve jus chill,6/4/2011 16:32,"Like
    
      
    
  
  
    
      
      
      Liked","Retweet
    
      
    
  
  
    
      
      Retweeted",VT,0
GetMarEnginJobs,7.66E+16,"Power Electronics Mec... - #Kokomo , IN (http://tinyurl.com/6jjyk58) Get Marine Engineering Jobs #MarineEngineering #jobs #job #GetAllJobs",6/3/2011 4:32,"Like
    
      
    
  
  
    
      
      
      Liked","Retweet
    
      
    
  
  
    
      
      Retweeted",VT,1
GetIndDesigJobs,7.64E+16,"Power Electronics Mecha... - #Kokomo , IN (http://tinyurl.com/6753nao) Get Industrial Design Jobs #IndustrialDesign #jobs #job #GetAllJobs",6/2/2011 16:04,"Like
    
      
    
  
  
    
      
      
      Liked","Retweet
    
      
    
  
  
    
      
      Retweeted",VT,1
eventcrazy_in,7.48E+16,"Antique Power and Engine Show: Jun 04, 2011 Danville, IN 46122 http://dlvr.it/TNtsz #EventCrazyIN #DanvilleIN",5/29/2011 8:04,"Like
    
      
    
  
  
    
      
      
      Liked","Retweet
    
      
    
  
  
    
      
      Retweeted",VT,1
eventcrazy_in,7.46E+16,"Steam Corner Antique Power Show: May 28, 2011 - May 30, 2011 Veedersburg, IN 47987 http://dlvr.it/TKkks #EventCrazyIN #VeedersburgIN",5/28/2011 13:58,"Like
    
      
    
  
  
    
      
      
      Liked","Retweet
    
      
    
  
  
    
      
      Retweeted",VT,0
HulkModeFitness,7.36E+16,"Well I wonder if the rest of the storm is going to be this weak, they hyped this one up bigger than the last one",5/25/2011 21:59,"Like
    
      
    
  
  
    
      
      
      Liked","Retweet
    
      
    
  
  
    
      
      Retweeted",VT,1
OG_reezy,7.35E+16,Been chillin layin down through the storm #relaxed,5/25/2011 14:44,"Like
    
      
    
  
  
    
      
      
      Liked","Retweet
    
      
    
  
  
    
      
      Retweeted",VT,0
MrRealFlii223,7.35E+16,@BROWNBOYZ93 hell yea them mutha fuckers loud like we dnt no theres a fuckin storm...,5/25/2011 14:33,"Like
    
      
    
  
  
    
      
      
      Liked","Retweet
    
      
    
  
  
    
      
      Retweeted",VT,0
parrott84,7.35E+16,Storm is here... #tornadowarning,5/25/2011 14:25,"Like
    
      
    
  
  
    
      
      
      Liked","Retweet
    
      
    
  
  
    
      
      Retweeted",VT,1
MrRealFlii223,7.35E+16,@_CashDollaz tellem boy dis storm aint shit,5/25/2011 14:25,"Like
    
      
    
  
  
    
      
      
      Liked","Retweet
    
      
    
  
  
    
      
      Retweeted",VT,1
Vanguard_Group,1.08E+18,Make the most of your earnings,1/8/2019 10:00,"Like
    
      
    11
  
  
    
      
      
      Liked
    
      
    11","Retweet
    
      
    2
  
  
    
      
      Retweeted
    
      
    2",VT,1
OG_reezy,7.25E+16,"It's bout to storm and I'm
At work !
Fuck!!
I'm not tryna die at chuck e cheese! Haha",5/22/2011 19:21,"Like
    
      
    
  
  
    
      
      
      Liked","Retweet
    
      
    
  
  
    
      
      Retweeted",VT,1
GetMinEnginJobs,7.22E+16,"Power Electronics Ele... - #Kokomo , IN (http://tinyurl.com/3jfqkap) Get Mining Engineering Jobs #MiningEngineering #jobs #job #GetAllJobs",5/21/2011 23:10,"Like
    
      
    
  
  
    
      
      
      Liked","Retweet
    
      
    
  
  
    
      
      Retweeted",VT,0
_amtran,6.37E+16,One hour power nap. Yeah!,4/28/2011 15:30,"Like
    
      
    
  
  
    
      
      
      Liked","Retweet
    
      
    
  
  
    
      
      Retweeted",VT,1
Kyle_Mundell,6.35E+16,I wish the power would decide whether it is going to go out or not.,4/27/2011 23:29,"Like
    
      
    
  
  
    
      
      
      Liked","Retweet
    
      
    
  
  
    
      
      Retweeted",VT,0
Americannhoney_,6.31E+16,@Tanbart will stop texting & driving in a storm (: #thanks,4/26/2011 21:19,"Like
    
      
    
  
  
    
      
      
      Liked","Retweet
    
      
    
  
  
    
      
      Retweeted",VT,1
JustJoshn7,6.05E+16,No power = sucks!!,4/19/2011 21:26,"Like
    
      
    
  
  
    
      
      
      Liked","Retweet
    
      
    
  
  
    
      
      Retweeted",VT,0
BIGK1994,6.05E+16,Damn is the storm that serious?,4/19/2011 21:18,"Like
    
      
    
  
  
    
      
      
      Liked","Retweet
    
      
    1
  
  
    
      
      Retweeted
    
      
    1",VT,1
jybarra792,5.91E+16,Raining so hard at steak n shake power went out for a second,4/15/2011 23:53,"Like
    
      
    
  
  
    
      
      
      Liked","Retweet
    
      
    
  
  
    
      
      Retweeted",VT,0
isreal36,5.17E+16,man's greatness lies in his power of thought.,3/26/2011 15:26,"Like
    
      
    
  
  
    
      
      
      Liked","Retweet
    
      
    
  
  
    
      
      Retweeted",VT,1
iJLH,4.89E+16,I currently despise these power lines. They be ruinin my photo.  http://twitpic.com/4atpnz,3/18/2011 18:55,"Like
    
      
    
  
  
    
      
      
      Liked","Retweet
    
      
    
  
  
    
      
      Retweeted",VT,0
NebulaDwigs,4.37E+16,Just woke up to no power. Fan-freakin-tastic.,3/4/2011 8:54,"Like
    
      
    
  
  
    
      
      
      Liked","Retweet
    
      
    
  
  
    
      
      Retweeted",VT,0
Invisible_Alyak,4.37E+16,I want the power back!,3/4/2011 8:03,"Like
    
      
    
  
  
    
      
      
      Liked","Retweet
    
      
    
  
  
    
      
      Retweeted",VT,0
KokomoIN,4.09E+16,winter storm to impact portions of central indiana tonight… .a low pressure system across western tennessee this eveni… http://bit.ly/iiIcjl,2/24/2011 20:28,"Like
    
      
    
  
  
    
      
      
      Liked","Retweet
    
      
    
  
  
    
      
      Retweeted",VT,1
KokomoIN,4.06E+16,winter storm watch for thursday night into friday morning… .a developing low pressure system will push northeast along… http://bit.ly/edSlHY,2/23/2011 21:36,"Like
    
      
    
  
  
    
      
      
      Liked","Retweet
    
      
    
  
  
    
      
      Retweeted",VT,1
coltsgirl17,3.98E+16,We had a fucking ice storm!! It rained then sleet then snow and the sun came out then snowed some more what a fucking day!!! N,2/21/2011 19:29,"Like
    
      
    
  
  
    
      
      
      Liked","Retweet
    
      
    
  
  
    
      
      Retweeted",VT,1
coltsgirl17,3.28E+16,So glad we did not loose power i feel for ya RT @Bread39 So its 9 degrees in El Paso and the power shut down. #GOD help us,2/2/2011 10:18,"Like
    
      
    
  
  
    
      
      
      Liked","Retweet
    
      
    
  
  
    
      
      Retweeted",VT,0
OG_reezy,3.27E+16,"Hope power comes back on before my phone dies :0 !
This battery sucks",2/2/2011 0:41,"Like
    
      
    
  
  
    
      
      
      Liked","Retweet
    
      
    
  
  
    
      
      Retweeted",VT,0
OG_reezy,3.27E+16,"Great 
Power is out :/",2/1/2011 23:49,"Like
    
      
    
  
  
    
      
      
      Liked","Retweet
    
      
    
  
  
    
      
      Retweeted",VT,0
OG_reezy,3.26E+16,"This storm is real!! 
Hopefully it clears ups enough for b dubs on Thursday",2/1/2011 16:34,"Like
    
      
    
  
  
    
      
      
      Liked","Retweet
    
      
    1
  
  
    
      
      Retweeted
    
      
    1",VT,1
KweenB_14,3.08E+16,@caitlynoneal15 ' just put a little power to it!',1/27/2011 21:40,"Like
    
      
    
  
  
    
      
      
      Liked","Retweet
    
      
    
  
  
    
      
      Retweeted",VT,0
Sports_Journal,2.90E+16,"Comets storm back, down 3 in final 4 minutes.",1/22/2011 20:20,"Like
    
      
    
  
  
    
      
      
      Liked","Retweet
    
      
    
  
  
    
      
      Retweeted",VT,1
isreal36,2.89E+16,"clouds come floating into my life no longer to carry rain or usher storm,but to add color to my sunset sky",1/22/2011 12:20,"Like
    
      
    
  
  
    
      
      
      Liked","Retweet
    
      
    
  
  
    
      
      Retweeted",VT,1
sageslusher,2.85E+17,The perfect storm has to be the greatest movie ever made!,12/30/2012 11:21,"Like
    
      
    
  
  
    
      
      
      Liked","Retweet
    
      
    
  
  
    
      
      Retweeted",VT,1
SpadesSounds,2.85E+17,Fena shower down then power up!!!,12/29/2012 21:32,"Like
    
      
    
  
  
    
      
      
      Liked","Retweet
    
      
    
  
  
    
      
      Retweeted",VT,0
ShakeBeDaName,2.85E+17,*<$>* ($$$)*<$>* Mon$Y Power & Respect...is all we truly WANT,12/28/2012 21:56,"Like
    
      
    
  
  
    
      
      
      Liked","Retweet
    
      
    
  
  
    
      
      Retweeted",VT,1
LogiAnalytics,1.08E+18,Responsive #analytics are about more than dashboards looking good on any device. Get best practices for designing your dashboards from the ground up with responsive in mind: http://ow.ly/SDvW30ndJKQ pic.twitter.com/1WJbjso4Ix,1/9/2019 9:02,"Like
    
      
    1
  
  
    
      
      
      Liked
    
      
    1","Retweet
    
      
    
  
  
    
      
      Retweeted",VT,1
Nardster42,2.85E+17,"I don't understand people. You're 12. Stop cussing up a storm, acting like you're a G, spell things correctly and be the real you.#yourtime",12/28/2012 10:20,"Like
    
      
    1
  
  
    
      
      
      Liked
    
      
    1","Retweet
    
      
    
  
  
    
      
      Retweeted",VT,1
PollyAnnDrogyny,2.85E+17,True Life: I'm a Power Ranger,12/27/2012 22:47,"Like
    
      
    
  
  
    
      
      
      Liked","Retweet
    
      
    
  
  
    
      
      Retweeted",VT,1
Cap_N_Jak,2.84E+17,There's a storm a brewin',12/26/2012 12:31,"Like
    
      
    
  
  
    
      
      
      Liked","Retweet
    
      
    
  
  
    
      
      Retweeted",VT,1
shelbyraep12,2.84E+17,I'm gonna need a cuddle buddyy tonight for this snow storm.,12/25/2012 16:49,"Like
    
      
    
  
  
    
      
      
      Liked","Retweet
    
      
    
  
  
    
      
      Retweeted",VT,1
46987,2.84E+17,Winter Storm Warning issued December 25 at 12:08PM EST until December 26 at 10:00PM EST by NWS NorthernIndiana http://twitzip.com/alerts/56263,12/25/2012 12:11,"Like
    
      
    
  
  
    
      
      
      Liked","Retweet
    
      
    
  
  
    
      
      Retweeted",VT,1
46986,2.84E+17,Winter Storm Warning issued December 25 at 12:08PM EST until December 26 at 10:00PM EST by NWS NorthernIndiana http://twitzip.com/alerts/56263,12/25/2012 12:10,"Like
    
      
    
  
  
    
      
      
      Liked","Retweet
    
      
    
  
  
    
      
      Retweeted",VT,1
_madychristiane,2.84E+17,Searcy has a blizzard warning and Kokomo has a winter storm watch.... What!?!,12/25/2012 7:30,"Like
    
      
    
  
  
    
      
      
      Liked","Retweet
    
      
    
  
  
    
      
      Retweeted",VT,1
KokomoIN_,2.84E+17,"Winter Storm Warning issued for Kokomo, IN http://howard.countyin.com/weather/kokomo/warnings/?type=024&wxid=IN124CD679649C.WinterStormWarning.124CD67A9DE4IN.INDWSWIND.00e71e6778faed0ea42ad2842f345b76 …",12/25/2012 4:50,"Like
    
      
    
  
  
    
      
      
      Liked","Retweet
    
      
    
  
  
    
      
      Retweeted",VT,1
46987,2.83E+17,Winter Storm Watch issued December 24 at 10:11PM EST until December 27 at 1:00AM EST by NWS NorthernIndiana http://twitzip.com/alerts/56115,12/24/2012 22:16,"Like
    
      
    
  
  
    
      
      
      Liked","Retweet
    
      
    
  
  
    
      
      Retweeted",VT,1
46986,2.83E+17,Winter Storm Watch issued December 24 at 10:11PM EST until December 27 at 1:00AM EST by NWS NorthernIndiana http://twitzip.com/alerts/56115,12/24/2012 22:16,"Like
    
      
    
  
  
    
      
      
      Liked","Retweet
    
      
    
  
  
    
      
      Retweeted",VT,1
46959,2.83E+17,Winter Storm Watch issued December 24 at 10:11PM EST until December 27 at 1:00AM EST by NWS NorthernIndiana http://twitzip.com/alerts/56115,12/24/2012 22:16,"Like
    
      
    
  
  
    
      
      
      Liked","Retweet
    
      
    
  
  
    
      
      Retweeted",VT,1
46932,2.83E+17,Winter Storm Watch issued December 24 at 10:11PM EST until December 27 at 1:00AM EST by NWS NorthernIndiana http://twitzip.com/alerts/56115,12/24/2012 22:16,"Like
    
      
    
  
  
    
      
      
      Liked","Retweet
    
      
    
  
  
    
      
      Retweeted",VT,1
46919,2.83E+17,Winter Storm Watch issued December 24 at 10:11PM EST until December 27 at 1:00AM EST by NWS NorthernIndiana http://twitzip.com/alerts/56115,12/24/2012 22:16,"Like
    
      
    
  
  
    
      
      
      Liked","Retweet
    
      
    
  
  
    
      
      Retweeted",VT,1
46914,2.83E+17,Winter Storm Watch issued December 24 at 10:11PM EST until December 27 at 1:00AM EST by NWS NorthernIndiana http://twitzip.com/alerts/56115,12/24/2012 22:16,"Like
    
      
    
  
  
    
      
      
      Liked","Retweet
    
      
    
  
  
    
      
      Retweeted",VT,1
46979,2.83E+17,Winter Storm Watch issued December 24 at 9:53PM EST until December 26 at 7:00PM EST by NWS Indianapolis http://twitzip.com/alerts/56112,12/24/2012 21:56,"Like
    
      
    
  
  
    
      
      
      Liked","Retweet
    
      
    
  
  
    
      
      Retweeted",VT,1
46936,2.83E+17,Winter Storm Watch issued December 24 at 9:53PM EST until December 26 at 7:00PM EST by NWS Indianapolis http://twitzip.com/alerts/56112,12/24/2012 21:56,"Like
    
      
    
  
  
    
      
      
      Liked","Retweet
    
      
    
  
  
    
      
      Retweeted",VT,1
46902,2.83E+17,Winter Storm Watch issued December 24 at 9:53PM EST until December 26 at 7:00PM EST by NWS Indianapolis http://twitzip.com/alerts/56112,12/24/2012 21:56,"Like
    
      
    
  
  
    
      
      
      Liked","Retweet
    
      
    
  
  
    
      
      Retweeted",VT,1
46901,2.83E+17,Winter Storm Watch issued December 24 at 9:53PM EST until December 26 at 7:00PM EST by NWS Indianapolis http://twitzip.com/alerts/56112,12/24/2012 21:56,"Like
    
      
    
  
  
    
      
      
      Liked","Retweet
    
      
    
  
  
    
      
      Retweeted",VT,1
46076,2.83E+17,Winter Storm Watch issued December 24 at 9:53PM EST until December 26 at 7:00PM EST by NWS Indianapolis http://twitzip.com/alerts/56112,12/24/2012 21:55,"Like
    
      
    
  
  
    
      
      
      Liked","Retweet
    
      
    
  
  
    
      
      Retweeted",VT,1
46072,2.83E+17,Winter Storm Watch issued December 24 at 9:53PM EST until December 26 at 7:00PM EST by NWS Indianapolis http://twitzip.com/alerts/56112,12/24/2012 21:55,"Like
    
      
    
  
  
    
      
      
      Liked","Retweet
    
      
    
  
  
    
      
      Retweeted",VT,1
PrimeVideo,1.08E+18,"The scandal you know, the story you don't. From Executive Producer @JordanPeele comes #LorenaSeries, 2/15.pic.twitter.com/MnqullMsJU",1/8/2019 13:00,"Like
    
      
    4.3K
  
  
    
      
      
      Liked
    
      
    4.3K","Retweet
    
      
    1.4K
  
  
    
      
      Retweeted
    
      
    1.4K",VT,1
46068,2.83E+17,Winter Storm Watch issued December 24 at 9:53PM EST until December 26 at 7:00PM EST by NWS Indianapolis http://twitzip.com/alerts/56112,12/24/2012 21:55,"Like
    
      
    
  
  
    
      
      
      Liked","Retweet
    
      
    
  
  
    
      
      Retweeted",VT,1
46047,2.83E+17,Winter Storm Watch issued December 24 at 9:53PM EST until December 26 at 7:00PM EST by NWS Indianapolis http://twitzip.com/alerts/56112,12/24/2012 21:55,"Like
    
      
    
  
  
    
      
      
      Liked","Retweet
    
      
    
  
  
    
      
      Retweeted",VT,1
46987,2.83E+17,Winter Storm Watch issued December 24 at 5:34PM EST until December 27 at 1:00AM EST by NWS NorthernIndiana http://twitzip.com/alerts/56068,12/24/2012 17:41,"Like
    
      
    
  
  
    
      
      
      Liked","Retweet
    
      
    
  
  
    
      
      Retweeted",VT,1
46986,2.83E+17,Winter Storm Watch issued December 24 at 5:34PM EST until December 27 at 1:00AM EST by NWS NorthernIndiana http://twitzip.com/alerts/56068,12/24/2012 17:41,"Like
    
      
    
  
  
    
      
      
      Liked","Retweet
    
      
    
  
  
    
      
      Retweeted",VT,1
46959,2.83E+17,Winter Storm Watch issued December 24 at 5:34PM EST until December 27 at 1:00AM EST by NWS NorthernIndiana http://twitzip.com/alerts/56068,12/24/2012 17:41,"Like
    
      
    
  
  
    
      
      
      Liked","Retweet
    
      
    
  
  
    
      
      Retweeted",VT,1
46932,2.83E+17,Winter Storm Watch issued December 24 at 5:34PM EST until December 27 at 1:00AM EST by NWS NorthernIndiana http://twitzip.com/alerts/56068,12/24/2012 17:41,"Like
    
      
    
  
  
    
      
      
      Liked","Retweet
    
      
    
  
  
    
      
      Retweeted",VT,1
46919,2.83E+17,Winter Storm Watch issued December 24 at 5:34PM EST until December 27 at 1:00AM EST by NWS NorthernIndiana http://twitzip.com/alerts/56068,12/24/2012 17:41,"Like
    
      
    
  
  
    
      
      
      Liked","Retweet
    
      
    
  
  
    
      
      Retweeted",VT,1
46914,2.83E+17,Winter Storm Watch issued December 24 at 5:34PM EST until December 27 at 1:00AM EST by NWS NorthernIndiana http://twitzip.com/alerts/56068,12/24/2012 17:41,"Like
    
      
    
  
  
    
      
      
      Liked","Retweet
    
      
    
  
  
    
      
      Retweeted",VT,1
46979,2.83E+17,Winter Storm Watch issued December 24 at 3:27PM EST until December 26 at 7:00PM EST by NWS Indianapolis http://twitzip.com/alerts/56047,12/24/2012 15:36,"Like
    
      
    
  
  
    
      
      
      Liked","Retweet
    
      
    
  
  
    
      
      Retweeted",VT,1
46936,2.83E+17,Winter Storm Watch issued December 24 at 3:27PM EST until December 26 at 7:00PM EST by NWS Indianapolis http://twitzip.com/alerts/56047,12/24/2012 15:36,"Like
    
      
    
  
  
    
      
      
      Liked","Retweet
    
      
    
  
  
    
      
      Retweeted",VT,1
46902,2.83E+17,Winter Storm Watch issued December 24 at 3:27PM EST until December 26 at 7:00PM EST by NWS Indianapolis http://twitzip.com/alerts/56047,12/24/2012 15:36,"Like
    
      
    
  
  
    
      
      
      Liked","Retweet
    
      
    
  
  
    
      
      Retweeted",VT,1
46901,2.83E+17,Winter Storm Watch issued December 24 at 3:27PM EST until December 26 at 7:00PM EST by NWS Indianapolis http://twitzip.com/alerts/56047,12/24/2012 15:36,"Like
    
      
    
  
  
    
      
      
      Liked","Retweet
    
      
    
  
  
    
      
      Retweeted",VT,1
46076,2.83E+17,Winter Storm Watch issued December 24 at 3:27PM EST until December 26 at 7:00PM EST by NWS Indianapolis http://twitzip.com/alerts/56047,12/24/2012 15:35,"Like
    
      
    
  
  
    
      
      
      Liked","Retweet
    
      
    
  
  
    
      
      Retweeted",VT,1
46072,2.83E+17,Winter Storm Watch issued December 24 at 3:27PM EST until December 26 at 7:00PM EST by NWS Indianapolis http://twitzip.com/alerts/56047,12/24/2012 15:35,"Like
    
      
    
  
  
    
      
      
      Liked","Retweet
    
      
    
  
  
    
      
      Retweeted",VT,1
46068,2.83E+17,Winter Storm Watch issued December 24 at 3:27PM EST until December 26 at 7:00PM EST by NWS Indianapolis http://twitzip.com/alerts/56047,12/24/2012 15:35,"Like
    
      
    
  
  
    
      
      
      Liked","Retweet
    
      
    
  
  
    
      
      Retweeted",VT,1
46047,2.83E+17,Winter Storm Watch issued December 24 at 3:27PM EST until December 26 at 7:00PM EST by NWS Indianapolis http://twitzip.com/alerts/56047,12/24/2012 15:35,"Like
    
      
    
  
  
    
      
      
      Liked","Retweet
    
      
    
  
  
    
      
      Retweeted",VT,1
KokomoIN_,2.83E+17,"Winter Storm Watch issued for Kokomo, IN http://howard.countyin.com/weather/kokomo/warnings/?type=094&wxid=IN124CD66BC9CC.WinterStormWatch.124CD6789C38IN.INDWSWIND.633831ec200f33554d9ff2f01b5f8179 …",12/24/2012 15:30,"Like
    
      
    
  
  
    
      
      
      Liked","Retweet
    
      
    
  
  
    
      
      Retweeted",VT,1
46987,2.83E+17,Winter Storm Watch issued December 24 at 12:00PM EST until December 27 at 1:00AM EST by NWS NorthernIndiana http://twitzip.com/alerts/56006,12/24/2012 12:11,"Like
    
      
    
  
  
    
      
      
      Liked","Retweet
    
      
    
  
  
    
      
      Retweeted",VT,1
46986,2.83E+17,Winter Storm Watch issued December 24 at 12:00PM EST until December 27 at 1:00AM EST by NWS NorthernIndiana http://twitzip.com/alerts/56006,12/24/2012 12:11,"Like
    
      
    
  
  
    
      
      
      Liked","Retweet
    
      
    
  
  
    
      
      Retweeted",VT,1
46959,2.83E+17,Winter Storm Watch issued December 24 at 12:00PM EST until December 27 at 1:00AM EST by NWS NorthernIndiana http://twitzip.com/alerts/56006,12/24/2012 12:11,"Like
    
      
    
  
  
    
      
      
      Liked","Retweet
    
      
    
  
  
    
      
      Retweeted",VT,1
PrimeVideo,1.08E+18,"The scandal you know, the story you don't. From Executive Producer @JordanPeele comes #LorenaSeries, 2/15.pic.twitter.com/MnqullMsJU",1/8/2019 13:00,"Like
    
      
    4.3K
  
  
    
      
      
      Liked
    
      
    4.3K","Retweet
    
      
    1.4K
  
  
    
      
      Retweeted
    
      
    1.4K",VT,1
46932,2.83E+17,Winter Storm Watch issued December 24 at 12:00PM EST until December 27 at 1:00AM EST by NWS NorthernIndiana http://twitzip.com/alerts/56006,12/24/2012 12:11,"Like
    
      
    
  
  
    
      
      
      Liked","Retweet
    
      
    
  
  
    
      
      Retweeted",VT,1
46919,2.83E+17,Winter Storm Watch issued December 24 at 12:00PM EST until December 27 at 1:00AM EST by NWS NorthernIndiana http://twitzip.com/alerts/56006,12/24/2012 12:11,"Like
    
      
    
  
  
    
      
      
      Liked","Retweet
    
      
    
  
  
    
      
      Retweeted",VT,1
46914,2.83E+17,Winter Storm Watch issued December 24 at 12:00PM EST until December 27 at 1:00AM EST by NWS NorthernIndiana http://twitzip.com/alerts/56006,12/24/2012 12:11,"Like
    
      
    
  
  
    
      
      
      Liked","Retweet
    
      
    
  
  
    
      
      Retweeted",VT,1
46987,2.83E+17,Winter Storm Watch issued December 24 at 4:26AM EST until December 27 at 1:00AM EST by NWS NorthernIndiana http://twitzip.com/alerts/55922,12/24/2012 4:31,"Like
    
      
    
  
  
    
      
      
      Liked","Retweet
    
      
    
  
  
    
      
      Retweeted",VT,1
46986,2.83E+17,Winter Storm Watch issued December 24 at 4:26AM EST until December 27 at 1:00AM EST by NWS NorthernIndiana http://twitzip.com/alerts/55922,12/24/2012 4:31,"Like
    
      
    
  
  
    
      
      
      Liked","Retweet
    
      
    
  
  
    
      
      Retweeted",VT,1
46959,2.83E+17,Winter Storm Watch issued December 24 at 4:26AM EST until December 27 at 1:00AM EST by NWS NorthernIndiana http://twitzip.com/alerts/55922,12/24/2012 4:31,"Like
    
      
    
  
  
    
      
      
      Liked","Retweet
    
      
    
  
  
    
      
      Retweeted",VT,1
46932,2.83E+17,Winter Storm Watch issued December 24 at 4:26AM EST until December 27 at 1:00AM EST by NWS NorthernIndiana http://twitzip.com/alerts/55922,12/24/2012 4:31,"Like
    
      
    
  
  
    
      
      
      Liked","Retweet
    
      
    
  
  
    
      
      Retweeted",VT,1
46919,2.83E+17,Winter Storm Watch issued December 24 at 4:26AM EST until December 27 at 1:00AM EST by NWS NorthernIndiana http://twitzip.com/alerts/55922,12/24/2012 4:31,"Like
    
      
    
  
  
    
      
      
      Liked","Retweet
    
      
    
  
  
    
      
      Retweeted",VT,1
46914,2.83E+17,Winter Storm Watch issued December 24 at 4:26AM EST until December 27 at 1:00AM EST by NWS NorthernIndiana http://twitzip.com/alerts/55922,12/24/2012 4:31,"Like
    
      
    
  
  
    
      
      
      Liked","Retweet
    
      
    
  
  
    
      
      Retweeted",VT,1
46979,2.83E+17,Winter Storm Watch issued December 24 at 4:05AM EST until December 26 at 7:00PM EST by NWS Indianapolis http://twitzip.com/alerts/55919,12/24/2012 4:16,"Like
    
      
    
  
  
    
      
      
      Liked","Retweet
    
      
    
  
  
    
      
      Retweeted",VT,1
46936,2.83E+17,Winter Storm Watch issued December 24 at 4:05AM EST until December 26 at 7:00PM EST by NWS Indianapolis http://twitzip.com/alerts/55919,12/24/2012 4:16,"Like
    
      
    
  
  
    
      
      
      Liked","Retweet
    
      
    
  
  
    
      
      Retweeted",VT,1
46902,2.83E+17,Winter Storm Watch issued December 24 at 4:05AM EST until December 26 at 7:00PM EST by NWS Indianapolis http://twitzip.com/alerts/55919,12/24/2012 4:16,"Like
    
      
    
  
  
    
      
      
      Liked","Retweet
    
      
    
  
  
    
      
      Retweeted",VT,1
46901,2.83E+17,Winter Storm Watch issued December 24 at 4:05AM EST until December 26 at 7:00PM EST by NWS Indianapolis http://twitzip.com/alerts/55919,12/24/2012 4:16,"Like
    
      
    
  
  
    
      
      
      Liked","Retweet
    
      
    
  
  
    
      
      Retweeted",VT,1
46076,2.83E+17,Winter Storm Watch issued December 24 at 4:05AM EST until December 26 at 7:00PM EST by NWS Indianapolis http://twitzip.com/alerts/55919,12/24/2012 4:15,"Like
    
      
    
  
  
    
      
      
      Liked","Retweet
    
      
    
  
  
    
      
      Retweeted",VT,1
46072,2.83E+17,Winter Storm Watch issued December 24 at 4:05AM EST until December 26 at 7:00PM EST by NWS Indianapolis http://twitzip.com/alerts/55919,12/24/2012 4:15,"Like
    
      
    
  
  
    
      
      
      Liked","Retweet
    
      
    
  
  
    
      
      Retweeted",VT,1
46068,2.83E+17,Winter Storm Watch issued December 24 at 4:05AM EST until December 26 at 7:00PM EST by NWS Indianapolis http://twitzip.com/alerts/55919,12/24/2012 4:15,"Like
    
      
    
  
  
    
      
      
      Liked","Retweet
    
      
    
  
  
    
      
      Retweeted",VT,1
46047,2.83E+17,Winter Storm Watch issued December 24 at 4:05AM EST until December 26 at 7:00PM EST by NWS Indianapolis http://twitzip.com/alerts/55919,12/24/2012 4:15,"Like
    
      
    
  
  
    
      
      
      Liked","Retweet
    
      
    
  
  
    
      
      Retweeted",VT,1
KokomoIN_,2.83E+17,"Winter Storm Watch issued for Kokomo, IN http://howard.countyin.com/weather/kokomo/warnings/?type=094&wxid=IN124CD66A1384.WinterStormWatch.124CD66B2300IN.INDWSWIND.f97e00f7263d29143d622543fe55cb38 …",12/24/2012 4:10,"Like
    
      
    
  
  
    
      
      
      Liked","Retweet
    
      
    
  
  
    
      
      Retweeted",VT,1
KennyBeasley,2.83E+17,"Winter storm watch for Tuesday into Wednesday at 7pm. Could see over 5', although that could always change",12/23/2012 15:51,"Like
    
      
    
  
  
    
      
      
      Liked","Retweet
    
      
    
  
  
    
      
      Retweeted",VT,1
46979,2.83E+17,Winter Storm Watch issued December 23 at 3:41PM EST until December 26 at 7:00PM EST by NWS Indianapolis http://twitzip.com/alerts/55803,12/23/2012 15:46,"Like
    
      
    
  
  
    
      
      
      Liked","Retweet
    
      
    
  
  
    
      
      Retweeted",VT,1
TheDailyLifer,1.07E+18,7 Reasons Why EVERYBODY is Obsessed with Throne: Kingdom at War,12/4/2018 13:59,"Like
    
      
    394
  
  
    
      
      
      Liked
    
      
    394","Retweet
    
      
    71
  
  
    
      
      Retweeted
    
      
    71",VT,1
46936,2.83E+17,Winter Storm Watch issued December 23 at 3:41PM EST until December 26 at 7:00PM EST by NWS Indianapolis http://twitzip.com/alerts/55803,12/23/2012 15:46,"Like
    
      
    
  
  
    
      
      
      Liked","Retweet
    
      
    
  
  
    
      
      Retweeted",VT,1
46902,2.83E+17,Winter Storm Watch issued December 23 at 3:41PM EST until December 26 at 7:00PM EST by NWS Indianapolis http://twitzip.com/alerts/55803,12/23/2012 15:46,"Like
    
      
    
  
  
    
      
      
      Liked","Retweet
    
      
    
  
  
    
      
      Retweeted",VT,1
46901,2.83E+17,Winter Storm Watch issued December 23 at 3:41PM EST until December 26 at 7:00PM EST by NWS Indianapolis http://twitzip.com/alerts/55803,12/23/2012 15:46,"Like
    
      
    
  
  
    
      
      
      Liked","Retweet
    
      
    
  
  
    
      
      Retweeted",VT,1
46076,2.83E+17,Winter Storm Watch issued December 23 at 3:41PM EST until December 26 at 7:00PM EST by NWS Indianapolis http://twitzip.com/alerts/55803,12/23/2012 15:45,"Like
    
      
    
  
  
    
      
      
      Liked","Retweet
    
      
    
  
  
    
      
      Retweeted",VT,1
46072,2.83E+17,Winter Storm Watch issued December 23 at 3:41PM EST until December 26 at 7:00PM EST by NWS Indianapolis http://twitzip.com/alerts/55803,12/23/2012 15:45,"Like
    
      
    
  
  
    
      
      
      Liked","Retweet
    
      
    
  
  
    
      
      Retweeted",VT,1
46068,2.83E+17,Winter Storm Watch issued December 23 at 3:41PM EST until December 26 at 7:00PM EST by NWS Indianapolis http://twitzip.com/alerts/55803,12/23/2012 15:45,"Like
    
      
    
  
  
    
      
      
      Liked","Retweet
    
      
    
  
  
    
      
      Retweeted",VT,1
46047,2.83E+17,Winter Storm Watch issued December 23 at 3:41PM EST until December 26 at 7:00PM EST by NWS Indianapolis http://twitzip.com/alerts/55803,12/23/2012 15:45,"Like
    
      
    
  
  
    
      
      
      Liked","Retweet
    
      
    
  
  
    
      
      Retweeted",VT,1
KokomoIN_,2.83E+17,"Winter Storm Watch issued for Kokomo, IN http://howard.countyin.com/weather/kokomo/warnings/?type=094&wxid=IN124CD65C8D04.WinterStormWatch.124CD6695FD4IN.INDWSWIND.e2a273e4093c318274684710f3475906 …",12/23/2012 15:45,"Like
    
      
    
  
  
    
      
      
      Liked","Retweet
    
      
    
  
  
    
      
      Retweeted",VT,1
Master_Jo32,2.82E+17,Grateful that I have power :),12/21/2012 12:11,"Like
    
      
    
  
  
    
      
      
      Liked","Retweet
    
      
    
  
  
    
      
      Retweeted",VT,1
Master_Jo32,2.82E+17,Ahhhh I love having power,12/21/2012 10:40,"Like
    
      
    2
  
  
    
      
      
      Liked
    
      
    2","Retweet
    
      
    
  
  
    
      
      Retweeted",VT,1
WickedLtlThing,2.82E+17,@aliciaabney if you need a shower it to get ready I still have power!,12/21/2012 7:31,"Like
    
      
    
  
  
    
      
      
      Liked","Retweet
    
      
    
  
  
    
      
      Retweeted",VT,1
bigredjustin,2.82E+17,6000 homes in howard country without power........ Mines not one of them #I'veGotThePowwa,12/21/2012 4:59,"Like
    
      
    1
  
  
    
      
      
      Liked
    
      
    1","Retweet
    
      
    1
  
  
    
      
      Retweeted
    
      
    1",VT,1
_Kayijuana,2.82E+17,I hate every kind of storm. Every single one.,12/21/2012 0:42,"Like
    
      
    
  
  
    
      
      
      Liked","Retweet
    
      
    
  
  
    
      
      Retweeted",VT,1
mizzshelly00,2.82E+17,Power just went out...smd..can't deal!,12/20/2012 23:34,"Like
    
      
    
  
  
    
      
      
      Liked","Retweet
    
      
    
  
  
    
      
      Retweeted",VT,0
Rich_Porter101,2.82E+17,Second Time My Power Went Out,12/20/2012 23:17,"Like
    
      
    
  
  
    
      
      
      Liked","Retweet
    
      
    1
  
  
    
      
      Retweeted
    
      
    1",VT,0
IMakeIt_Rane,2.82E+17,Its winter in indiana come one people the power usually always goes out.,12/20/2012 23:12,"Like
    
      
    
  
  
    
      
      
      Liked","Retweet
    
      
    
  
  
    
      
      Retweeted",VT,0
javajo521,2.82E+17,I feel bad for the people whose power went out... 75% of the time it's me losing my power over 5 mph winds,12/20/2012 22:57,"Like
    
      
    
  
  
    
      
      
      Liked","Retweet
    
      
    
  
  
    
      
      Retweeted",VT,0
Master_Jo32,2.82E+17,@HannahNarissa it's starting... Power just went out lol,12/20/2012 22:50,"Like
    
      
    
  
  
    
      
      
      Liked","Retweet
    
      
    
  
  
    
      
      Retweeted",VT,0
IMakeIt_Rane,2.82E+17,Lol @kyle_hawk justt texted me tto see if my power was out. As I sent its still on it goes out ...,12/20/2012 22:50,"Like
    
      
    1
  
  
    
      
      
      Liked
    
      
    1","Retweet
    
      
    
  
  
    
      
      Retweeted",VT,0
Rich_Porter101,2.82E+17,My power keep going in nd out in my house,12/20/2012 22:44,"Like
    
      
    
  
  
    
      
      
      Liked","Retweet
    
      
    
  
  
    
      
      Retweeted",VT,0
TheDailyLifer,1.07E+18,7 Reasons Why EVERYBODY is Obsessed with Throne: Kingdom at War,12/4/2018 13:59,"Like
    
      
    394
  
  
    
      
      
      Liked
    
      
    394","Retweet
    
      
    71
  
  
    
      
      Retweeted
    
      
    71",VT,1
Dennis_Day92,2.82E+17,Alone in a warehouse in the middle of GOT DAM field on the edge of town & the freaking power goes out. #EndOfDays,12/20/2012 22:39,"Like
    
      
    
  
  
    
      
      
      Liked","Retweet
    
      
    
  
  
    
      
      Retweeted",VT,0
adriasmarie,2.82E+17,"“@AP: Winter storm dumps more than 19 inches of snow in Madison, Wis.: http://apne.ws/TbhZ2J  -CC” Have fun @alnohns I'm jeallllly.",12/20/2012 21:56,"Like
    
      
    
  
  
    
      
      
      Liked","Retweet
    
      
    
  
  
    
      
      Retweeted",VT,1
lizuhbeth,2.82E+17,Thunder storm and snow storm in the same day.. End of the world probs.. Of wait just Indiana probs.,12/20/2012 16:46,"Like
    
      
    
  
  
    
      
      
      Liked","Retweet
    
      
    8
  
  
    
      
      Retweeted
    
      
    8",VT,1
Dennis_Day92,2.82E+17,"'Every heartache will fade away, just like every storm runs out of rain'",12/19/2012 18:30,"Like
    
      
    
  
  
    
      
      
      Liked","Retweet
    
      
    
  
  
    
      
      Retweeted",VT,1
karrkarrann92,2.81E+17,'@YaSheRatchet:  shut off the power for like 10 minute>> if yu did this people would panic and kill people to survive :: not cool,12/19/2012 5:20,"Like
    
      
    
  
  
    
      
      
      Liked","Retweet
    
      
    
  
  
    
      
      Retweeted",VT,0
w0lfman_zack,2.81E+17,Hangin with Milwaukee Iron MC and pounding storm troopers? Welcome to #xfactor1,12/18/2012 0:41,"Like
    
      
    
  
  
    
      
      
      Liked","Retweet
    
      
    
  
  
    
      
      Retweeted",VT,1
danielle_rush,2.79E+17,Nathan loves to use power tools. He is in his element. @ Howard County Fairgrounds http://instagr.am/p/THZU6bMxgJ/,12/11/2012 19:00,"Like
    
      
    
  
  
    
      
      
      Liked","Retweet
    
      
    
  
  
    
      
      Retweeted",VT,1
lizuhbeth,2.78E+17,If you can make me laugh and make me take time out of my day for you that means you must have some sort of power over me.,12/9/2012 21:43,"Like
    
      
    
  
  
    
      
      
      Liked","Retweet
    
      
    3
  
  
    
      
      Retweeted
    
      
    3",VT,1
heydudeitszachh,2.75E+17,"@princess_SOGOOD You keep telling me a storm is brewin? Yet, you aren't a weather lady. And two, it hasn't stormed in weeks maybe months!",12/1/2012 3:17,"Like
    
      
    
  
  
    
      
      
      Liked","Retweet
    
      
    
  
  
    
      
      Retweeted",VT,1
heydudeitszachh,2.75E+17,@princess_SOGOOD A storm blows over but a hammer will always be there. Just remember that darling.  Over and out.,12/1/2012 3:06,"Like
    
      
    
  
  
    
      
      
      Liked","Retweet
    
      
    
  
  
    
      
      Retweeted",VT,1
frankoflannigan,2.75E+17,So I'm sitting here takin a nice relaxing poo and the power goes out.....,11/30/2012 11:06,"Like
    
      
    
  
  
    
      
      
      Liked","Retweet
    
      
    
  
  
    
      
      Retweeted",VT,0
thebighossdaddy,2.74E+17,"@KateToney doing the power button followed by the home button quickly, should take a screenshot. Works on my Verizon Incredible 2.",11/29/2012 22:57,"Like
    
      
    
  
  
    
      
      
      Liked","Retweet
    
      
    
  
  
    
      
      Retweeted",VT,0
thebighossdaddy,2.74E+17,@KateToney KATE!!! Who is your phone through and what phone is it? Have you tried hitting the power button and the home button quickly?,11/29/2012 22:50,"Like
    
      
    
  
  
    
      
      
      Liked","Retweet
    
      
    
  
  
    
      
      Retweeted",VT,0
thebighossdaddy,2.74E+17,Do any of my wonderful friends got an extra power strip I could have?! :) Gotta get my surround sound hooked up!,11/27/2012 14:29,"Like
    
      
    
  
  
    
      
      
      Liked","Retweet
    
      
    
  
  
    
      
      Retweeted",VT,0
Erica_Goodman,2.73E+17,If I could have a super power I would taser people with my mind (:,11/27/2012 11:45,"Like
    
      
    1
  
  
    
      
      
      Liked
    
      
    1","Retweet
    
      
    
  
  
    
      
      Retweeted",VT,1
PrettyFacedQT,2.73E+17,I get $$ I get power got respect wit this tech !,11/27/2012 2:38,"Like
    
      
    
  
  
    
      
      
      Liked","Retweet
    
      
    
  
  
    
      
      Retweeted",VT,1
heydudeitszachh,2.73E+17,“@Storm_Nation: In just 7 days... the release of the IQ™ TOUR PEARL! #IQTourPearl” @Wheres_myWALKER,11/26/2012 12:18,"Like
    
      
    
  
  
    
      
      
      Liked","Retweet
    
      
    
  
  
    
      
      Retweeted",VT,1
Dennis_Day92,2.73E+17,"'In this world, first you got to make the money, then you get the power, THEN you get the woman.'",11/26/2012 2:09,"Like
    
      
    
  
  
    
      
      
      Liked","Retweet
    
      
    
  
  
    
      
      Retweeted",VT,0
heydudeitszachh,2.70E+17,“@ZACHSSOGOOD: “@princess_SOGOOD: STORM #SODAMNGOOD” HAMMER!!!! #SOGOOD” Zach knows what's up! #WERESOGOOD,11/19/2012 1:20,"Like
    
      
    1
  
  
    
      
      
      Liked
    
      
    1","Retweet
    
      
    1
  
  
    
      
      Retweeted
    
      
    1",VT,1
Dennis_Day92,2.70E+17,"@MelissaaLouise_ the Bus was the one guy that made want to ever play football. His size, power, quick feet, and asthma inspired me. #Truth",11/19/2012 0:33,"Like
    
      
    
  
  
    
      
      
      Liked","Retweet
    
      
    
  
  
    
      
      Retweeted",VT,1
TheDailyLifer,1.07E+18,7 Reasons Why EVERYBODY is Obsessed with Throne: Kingdom at War,12/4/2018 13:59,"Like
    
      
    394
  
  
    
      
      
      Liked
    
      
    394","Retweet
    
      
    71
  
  
    
      
      Retweeted
    
      
    71",VT,1
TheAlphaChris,2.70E+17,Patriots power!,11/18/2012 18:45,"Like
    
      
    
  
  
    
      
      
      Liked","Retweet
    
      
    
  
  
    
      
      Retweeted",VT,1
SteveeRTinder,2.68E+17,In the mist of every storm comes a blessing. #KEETAH,11/13/2012 13:31,"Like
    
      
    
  
  
    
      
      
      Liked","Retweet
    
      
    
  
  
    
      
      Retweeted",VT,1
alagoni5,2.68E+17,Need to power up on my knowledge of history for presidents. Grandma Ruby called with questions today? Not sure why!!! #Presidentinfo,11/11/2012 22:39,"Like
    
      
    
  
  
    
      
      
      Liked","Retweet
    
      
    
  
  
    
      
      Retweeted",VT,0
ash_hamm,2.67E+17,@GaryAllan on @HankFM 'every storm' to start my early morning!,11/10/2012 6:25,"Like
    
      
    
  
  
    
      
      
      Liked","Retweet
    
      
    
  
  
    
      
      Retweeted",VT,1
savvv_t,2.67E+17,Long car rides at night with complete silence except for the radio playing country >>>>>>> all I need is a storm & I'm set,11/9/2012 21:58,"Like
    
      
    
  
  
    
      
      
      Liked","Retweet
    
      
    
  
  
    
      
      Retweeted",VT,0
Up2UtoLove13,2.65E+17,@Southern_Voices 'Amazed'! By the Power ofBrantley GilbertFind myself replaying 'take it outside' many days! :) with our 5lil'Countrys!,11/4/2012 23:12,"Like
    
      
    
  
  
    
      
      
      Liked","Retweet
    
      
    
  
  
    
      
      Retweeted",VT,1
Gnarelz3c,2.65E+17,Bout to get right. Power nap. Then it's off too the chamber of commerce dinner. . . You know these fools be paying me good,11/3/2012 14:57,"Like
    
      
    
  
  
    
      
      
      Liked","Retweet
    
      
    
  
  
    
      
      Retweeted",VT,0
KyleSadler,2.65E+17,I think we overlook the power and healing that comes from forgiveness too often.,11/3/2012 10:20,"Like
    
      
    
  
  
    
      
      
      Liked","Retweet
    
      
    2
  
  
    
      
      Retweeted
    
      
    2",VT,1
wubbagirl,2.65E+17,@Rosie. Hi Rosie :-) do you have power? Heard Canada is coming to the rescue :-),11/2/2012 21:51,"Like
    
      
    
  
  
    
      
      
      Liked","Retweet
    
      
    
  
  
    
      
      Retweeted",VT,0
Mrskillbilly,2.63E+17,Happy Halloween the power is out and it LOOKS CREEPY AS FUCK OUTSIDE RIGHT MEOOOWW,10/30/2012 22:42,"Like
    
      
    
  
  
    
      
      
      Liked","Retweet
    
      
    
  
  
    
      
      Retweeted",VT,0
weezyy_b,2.63E+17,@WhatPezSays no bro! all sorts of power over here! why don't you have any?,10/30/2012 22:27,"Like
    
      
    
  
  
    
      
      
      Liked","Retweet
    
      
    
  
  
    
      
      Retweeted",VT,1
MzAri765,2.63E+17,STAY STRONG ...!!! THERE'S A RAINBOW AFTER EVERY STORM!!!! .....,10/30/2012 18:45,"Like
    
      
    
  
  
    
      
      
      Liked","Retweet
    
      
    
  
  
    
      
      Retweeted",VT,1
ShayyBaayyy,2.63E+17,I don't know how pilgrims did this whole 'no power thing',10/29/2012 22:17,"Like
    
      
    
  
  
    
      
      
      Liked","Retweet
    
      
    
  
  
    
      
      Retweeted",VT,0
ShayyBaayyy,2.63E+17,"Wind. You can stop now. Sincerely, I HAVE NO POWER.",10/29/2012 22:17,"Like
    
      
    
  
  
    
      
      
      Liked","Retweet
    
      
    
  
  
    
      
      Retweeted",VT,0
ShayyBaayyy,2.63E+17,I should've went to sleep when the power was till on..,10/29/2012 22:13,"Like
    
      
    
  
  
    
      
      
      Liked","Retweet
    
      
    
  
  
    
      
      Retweeted",VT,0
ShayyBaayyy,2.63E+17,I hate being in the dark.. So I kinda freaked when the power went out.,10/29/2012 22:06,"Like
    
      
    
  
  
    
      
      
      Liked","Retweet
    
      
    
  
  
    
      
      Retweeted",VT,0
ShayyBaayyy,2.63E+17,If there's no power in the morning I am so sorry people that have to see me tomorrow.,10/29/2012 22:05,"Like
    
      
    
  
  
    
      
      
      Liked","Retweet
    
      
    
  
  
    
      
      Retweeted",VT,0
ShayyBaayyy,2.63E+17,Power just went out. It was pitch black in my room. Freaked out went down stairs. Got lantern. Can't sleep. Greaaat,10/29/2012 22:02,"Like
    
      
    
  
  
    
      
      
      Liked","Retweet
    
      
    
  
  
    
      
      Retweeted",VT,0
DudeItsWeebs,2.63E+17,"Best thing in this world is watching Power Rangers with my daughter. It's her new favorite, which makes it my favorite",10/29/2012 16:39,"Like
    
      
    1
  
  
    
      
      
      Liked
    
      
    1","Retweet
    
      
    
  
  
    
      
      Retweeted",VT,1
ash_hamm,2.63E+17,@HankFM why haven't I heard @GaryAllan every storm on the radio yet??,10/29/2012 12:36,"Like
    
      
    
  
  
    
      
      
      Liked","Retweet
    
      
    
  
  
    
      
      Retweeted",VT,1
TheDailyLifer,1.07E+18,7 Reasons Why EVERYBODY is Obsessed with Throne: Kingdom at War,12/4/2018 13:59,"Like
    
      
    394
  
  
    
      
      
      Liked
    
      
    394","Retweet
    
      
    71
  
  
    
      
      Retweeted
    
      
    71",VT,1
_JMichael88,2.63E+17,No one has the power to shatter your dreams unless you give it to them,10/28/2012 17:01,"Like
    
      
    
  
  
    
      
      
      Liked","Retweet
    
      
    
  
  
    
      
      Retweeted",VT,1
_JMichael88,2.63E+17,"Life isn't about waiting for the storm to pass, it's learning to dance in the rain.",10/28/2012 13:51,"Like
    
      
    
  
  
    
      
      
      Liked","Retweet
    
      
    1
  
  
    
      
      Retweeted
    
      
    1",VT,1
Derrick_Snyder,2.62E+17,"@TheOnlyJoTaylor No snow near the coast, but plenty in the mountains! You should ride the storm out in Frostburg.",10/27/2012 12:38,"Like
    
      
    
  
  
    
      
      
      Liked","Retweet
    
      
    
  
  
    
      
      Retweeted",VT,1
JANIESGotta_Gun,2.62E+17,“@WeCameAsJews: White power” you're stupid AF,10/26/2012 9:53,"Like
    
      
    
  
  
    
      
      
      Liked","Retweet
    
      
    
  
  
    
      
      Retweeted",VT,1
s44heflin,2.61E+17,It's funny what a little will power and a good book can do to motivate a person.. #gtl,10/24/2012 21:55,"Like
    
      
    
  
  
    
      
      
      Liked","Retweet
    
      
    
  
  
    
      
      Retweeted",VT,1
fatboy_cam,2.61E+17,#day8 favorite power forward Kevin Love #monster  @ Indiana University Kokomo http://instagr.am/p/RLPIbNJDmX/,10/24/2012 13:45,"Like
    
      
    
  
  
    
      
      
      Liked","Retweet
    
      
    
  
  
    
      
      Retweeted",VT,1
Moak03,2.61E+17,I woke up to no power. It's way too early. I'm ready to back to sleep!,10/24/2012 5:47,"Like
    
      
    
  
  
    
      
      
      Liked","Retweet
    
      
    
  
  
    
      
      Retweeted",VT,0
candice_blair,2.61E+17,id so be rather cuddling up and watching movies all day then going to work in the storm,10/23/2012 8:36,"Like
    
      
    
  
  
    
      
      
      Liked","Retweet
    
      
    
  
  
    
      
      Retweeted",VT,0
Gnarelz3c,2.61E+17,@Mr_ImReadyForYa knowledge is power. Lol,10/22/2012 21:02,"Like
    
      
    
  
  
    
      
      
      Liked","Retweet
    
      
    
  
  
    
      
      Retweeted",VT,1
ash_hamm,2.60E+17,"Every storm runs out of rain, just like every dark night turns into day. @GaryAllan",10/20/2012 13:22,"Like
    
      
    
  
  
    
      
      
      Liked","Retweet
    
      
    
  
  
    
      
      Retweeted",VT,1
Cap_N_Jak,2.59E+17,Talking about when storm rivers ran down the hallway with his pants around his ankles and @QuestionMcKee watched with no reaction. HA!!,10/19/2012 21:38,"Like
    
      
    1
  
  
    
      
      
      Liked
    
      
    1","Retweet
    
      
    
  
  
    
      
      Retweeted",VT,1
Cap_N_Jak,2.59E+17,“@JoAnnWhora: RT if you're a sophomore at Ball State” junior power,10/17/2012 17:53,"Like
    
      
    
  
  
    
      
      
      Liked","Retweet
    
      
    
  
  
    
      
      Retweeted",VT,1
HolidayMandy,2.59E+17,"@Monine07 
Tried TJ, BBL, 10 minute trainer, insanity, an power 90. I like insanity out of all of them but it is to hard on my knees.",10/17/2012 10:57,"Like
    
      
    
  
  
    
      
      
      Liked","Retweet
    
      
    
  
  
    
      
      Retweeted",VT,1
TheMaskedMumblr,2.58E+17,A storm would be nice tonight   @ Home Is Where You Make It http://instagr.am/p/Qx3zlXg3rG/,10/14/2012 17:19,"Like
    
      
    1
  
  
    
      
      
      Liked
    
      
    1","Retweet
    
      
    
  
  
    
      
      Retweeted",VT,1
SpadesSounds,2.57E+17,We don't deal wit weak squares in this power circle...,10/12/2012 20:31,"Like
    
      
    
  
  
    
      
      
      Liked","Retweet
    
      
    2
  
  
    
      
      Retweeted
    
      
    2",VT,1
marieINindiana,2.55E+17,Listening to the great Ted Kitchell at Inspire Power dinner @IUKokomo pic.twitter.com/tO2nfIpv” @IndianaUniv @IUBloomington,10/8/2012 19:03,"Like
    
      
    
  
  
    
      
      
      Liked","Retweet
    
      
    1
  
  
    
      
      Retweeted
    
      
    1",VT,1
marieINindiana,2.55E+17,@IndianaUniv @IUKokomo VP John Applegate speaks Inspire Power dinner. 200 here to support wellness/fitness center. pic.twitter.com/Y2ReldPh,10/8/2012 17:45,"Like
    
      
    
  
  
    
      
      
      Liked","Retweet
    
      
    
  
  
    
      
      Retweeted",VT,1
mrdaveclements,2.54E+17,"I've created a monster. Duck's watching Power Rangers. What have I done?! Oh, God, what have I done?!",10/3/2012 12:33,"Like
    
      
    
  
  
    
      
      
      Liked","Retweet
    
      
    
  
  
    
      
      Retweeted",VT,1
Huffdaddy_Beast,2.51E+17,@Cale_16H @putsomeer_init @queenselena97 they only power so much !!,9/26/2012 20:35,"Like
    
      
    
  
  
    
      
      
      Liked","Retweet
    
      
    
  
  
    
      
      Retweeted",VT,0
Huffdaddy_Beast,2.51E+17,I got bad new the school has power the good news is the wont for long,9/26/2012 20:20,"Like
    
      
    
  
  
    
      
      
      Liked","Retweet
    
      
    
  
  
    
      
      Retweeted",VT,0
TheDailyLifer,1.07E+18,7 Reasons Why EVERYBODY is Obsessed with Throne: Kingdom at War,12/4/2018 13:59,"Like
    
      
    394
  
  
    
      
      
      Liked
    
      
    394","Retweet
    
      
    71
  
  
    
      
      Retweeted
    
      
    71",VT,1
Huffdaddy_Beast,2.51E+17,@alex_gnn123 do you know if there's power at the school?,9/26/2012 20:02,"Like
    
      
    
  
  
    
      
      
      Liked","Retweet
    
      
    
  
  
    
      
      Retweeted",VT,0
Huffdaddy_Beast,2.51E+17,I want to know if there is or isn't power At the school and what happened!!,9/26/2012 20:01,"Like
    
      
    
  
  
    
      
      
      Liked","Retweet
    
      
    1
  
  
    
      
      Retweeted
    
      
    1",VT,0
Huffdaddy_Beast,2.51E+17,They get the power back on at Tri-Central yet??,9/26/2012 19:49,"Like
    
      
    
  
  
    
      
      
      Liked","Retweet
    
      
    
  
  
    
      
      Retweeted",VT,0
Huffdaddy_Beast,2.51E+17,@collinhost3485 @tristanduncan14 tomorrow they can lose power to,9/26/2012 13:57,"Like
    
      
    
  
  
    
      
      
      Liked","Retweet
    
      
    
  
  
    
      
      Retweeted",VT,0
Fuller_2012,2.51E+17,Hoping iuk loses power tomorrow so I don't have class that would make my week,9/25/2012 23:29,"Like
    
      
    
  
  
    
      
      
      Liked","Retweet
    
      
    
  
  
    
      
      Retweeted",VT,0
Huffdaddy_Beast,2.49E+17,@STORMbaby_ I have a storm but it doesn't make it ran,9/21/2012 16:46,"Like
    
      
    
  
  
    
      
      
      Liked","Retweet
    
      
    
  
  
    
      
      Retweeted",VT,1
the_toMatto,2.47E+17,Go go power rangers!!  @ Hibachi Grill & Supreme Buffet http://instagr.am/p/PpOmjaFpYQ/,9/16/2012 12:15,"Like
    
      
    
  
  
    
      
      
      Liked","Retweet
    
      
    
  
  
    
      
      Retweeted",VT,0
Leza_Chris,2.44E+17,Sitting in my car waiting for the storm to pass.,9/7/2012 18:27,"Like
    
      
    
  
  
    
      
      
      Liked","Retweet
    
      
    
  
  
    
      
      Retweeted",VT,0
HippieChick56,2.44E+17,@amandabeasley85 : Not force...just the power of suggestion...if I wasn't home sick I'd be eating Kit Kats right now.:-) ..my faves!,9/7/2012 13:05,"Like
    
      
    
  
  
    
      
      
      Liked","Retweet
    
      
    
  
  
    
      
      Retweeted",VT,1
wickedwxbot,2.44E+17,"damaging #wind - GREENTOWN, #IN -- TREES AND POWER LINES DOWNED. (IND) http://goo.gl/w6Nkn",9/7/2012 11:51,"Like
    
      
    
  
  
    
      
      
      Liked","Retweet
    
      
    
  
  
    
      
      Retweeted",VT,0
nycoledesiree,2.44E+17,That storm was nothing . #weak,9/7/2012 11:47,"Like
    
      
    
  
  
    
      
      
      Liked","Retweet
    
      
    1
  
  
    
      
      Retweeted
    
      
    1",VT,1
huddleston_kyle,2.44E+17,Storm just stopped out of nowhere....tornado time,9/7/2012 11:33,"Like
    
      
    
  
  
    
      
      
      Liked","Retweet
    
      
    
  
  
    
      
      Retweeted",VT,1
midwestanalog,2.44E+17,"Storm.  @ Kokomo, Indiana http://instagr.am/p/PR9f1bh8w-/",9/7/2012 11:22,"Like
    
      
    
  
  
    
      
      
      Liked","Retweet
    
      
    
  
  
    
      
      Retweeted",VT,1
Bradiation_,2.44E+17,It's about to storm hardcore!,9/7/2012 10:50,"Like
    
      
    
  
  
    
      
      
      Liked","Retweet
    
      
    1
  
  
    
      
      Retweeted
    
      
    1",VT,1
asapacy,2.44E+17,I've been up since six coughing up a storm. I'm over this.,9/6/2012 6:03,"Like
    
      
    
  
  
    
      
      
      Liked","Retweet
    
      
    
  
  
    
      
      Retweeted",VT,1
nycoledesiree,2.43E+17,"It's about to rain or storm ; I can feel it , I'm so achy . ):",9/5/2012 10:05,"Like
    
      
    
  
  
    
      
      
      Liked","Retweet
    
      
    
  
  
    
      
      Retweeted",VT,1
KokomoIN,2.41E+17,heavy rain threat from isaac will continue today and tonight... .new information... tropical storm issac will cont... http://j.mp/QYuzOe,8/30/2012 14:27,"Like
    
      
    
  
  
    
      
      
      Liked","Retweet
    
      
    
  
  
    
      
      Retweeted",VT,1
the_toMatto,2.41E+17,@goronhead you found your super power!,8/30/2012 9:24,"Like
    
      
    
  
  
    
      
      
      Liked","Retweet
    
      
    
  
  
    
      
      Retweeted",VT,1
KokomoIN,2.41E+17,heavy rain threat from isaac will continue today and tonight... .new information... tropical storm isaac will cont... http://j.mp/SWYlHO,8/30/2012 6:12,"Like
    
      
    
  
  
    
      
      
      Liked","Retweet
    
      
    
  
  
    
      
      Retweeted",VT,1
KokomoIN,2.41E+17,heavy rain threat from isaac spreading inland during the next few days... .new information... tropical storm isaac... http://j.mp/SVR4rZ,8/29/2012 23:29,"Like
    
      
    
  
  
    
      
      
      Liked","Retweet
    
      
    
  
  
    
      
      Retweeted",VT,1
PrimeVideo,1.08E+18,"The scandal you know, the story you don't. From Executive Producer @JordanPeele comes #LorenaSeries, 2/15.pic.twitter.com/MnqullMsJU",1/8/2019 13:00,"Like
    
      
    4.3K
  
  
    
      
      
      Liked
    
      
    4.3K","Retweet
    
      
    1.4K
  
  
    
      
      Retweeted
    
      
    1.4K",VT,1
KokomoIN,2.41E+17,strong spiral band moving through the highway 84 corridor... tropical storm force winds will affect covington...fo... http://j.mp/QUZf2U,8/29/2012 20:30,"Like
    
      
    
  
  
    
      
      
      Liked","Retweet
    
      
    
  
  
    
      
      Retweeted",VT,1
KokomoIN,2.41E+17,tropical storm force winds will affect covington...forrest... jefferson davis...lamar...lawrence...lincoln and mar... http://j.mp/NXwlVn,8/29/2012 17:33,"Like
    
      
    
  
  
    
      
      
      Liked","Retweet
    
      
    
  
  
    
      
      Retweeted",VT,1
KokomoIN,2.41E+17,tropical storm force winds will affect forrest...lamar and marion counties through 315 pm cdt as a strong band of ... http://j.mp/QzcxHQ,8/29/2012 14:33,"Like
    
      
    
  
  
    
      
      
      Liked","Retweet
    
      
    
  
  
    
      
      Retweeted",VT,1
KokomoIN,2.41E+17,band of squalls with tropical storm force wind gusts will affect forrest...lamar and marion counties through 1 pm ... http://j.mp/PrI4XQ,8/29/2012 12:35,"Like
    
      
    
  
  
    
      
      
      Liked","Retweet
    
      
    
  
  
    
      
      Retweeted",VT,1
eventcrazy_in,2.40E+17,"Hesston Steam and Power Show: Aug 31, 2012 - Sep 03, 2012 Laporte, IN 46360 http://dlvr.it/23vCyC  #EventCrazyIN #LaporteIN",8/28/2012 3:00,"Like
    
      
    
  
  
    
      
      
      Liked","Retweet
    
      
    
  
  
    
      
      Retweeted",VT,1
KokomoIN,2.40E+17,reconnaissance aircraft indicates isaac getting stronger... .new information... a tropical storm warning and a tro... http://j.mp/U6Houh,8/27/2012 17:05,"Like
    
      
    
  
  
    
      
      
      Liked","Retweet
    
      
    
  
  
    
      
      Retweeted",VT,1
KokomoIN,2.40E+17,tropical storm isaac expected to strengthen to a hurricane as it moves across the gulf... .new information... a tr... http://j.mp/NrsdwQ,8/27/2012 5:20,"Like
    
      
    
  
  
    
      
      
      Liked","Retweet
    
      
    
  
  
    
      
      Retweeted",VT,1
jnic0202,2.40E+17,Our house looks amazing! Power washed the outside.. mowed the lawn.. inside house is clean. Successful weekend. :) we busted our asses,8/26/2012 13:07,"Like
    
      
    
  
  
    
      
      
      Liked","Retweet
    
      
    
  
  
    
      
      Retweeted",VT,1
_BubbaLicious,2.39E+17,@TripleC_Connor i love power lifts lol,8/23/2012 20:13,"Like
    
      
    
  
  
    
      
      
      Liked","Retweet
    
      
    
  
  
    
      
      Retweeted",VT,1
eventcrazy_in,2.37E+17,"Michigan City In-Water Sail and Power Boat Show: Aug 23, 2012 - Aug 26, 2012 Michigan... http://dlvr.it/21r7gT  #EventCrazyIN #MichiganCityIN",8/20/2012 1:12,"Like
    
      
    
  
  
    
      
      
      Liked","Retweet
    
      
    
  
  
    
      
      Retweeted",VT,1
brando6356,2.36E+17,Loving the rain.hoping the storms dont make our power go out that suck :(,8/16/2012 12:18,"Like
    
      
    
  
  
    
      
      
      Liked","Retweet
    
      
    
  
  
    
      
      Retweeted",VT,0
allyoyler808,2.36E+17,Mr Heck really just said 'power growler' lmfao @Kirstin_Jones24,8/16/2012 8:55,"Like
    
      
    1
  
  
    
      
      
      Liked
    
      
    1","Retweet
    
      
    1
  
  
    
      
      Retweeted
    
      
    1",VT,1
eventcrazy_in,2.35E+17,"Greensburg Power of The Past: Aug 16, 2012 - Aug 19, 2012 Greensburg, IN 47240 http://dlvr.it/207N30  #EventCrazyIN #GreensburgIN",8/12/2012 23:31,"Like
    
      
    
  
  
    
      
      
      Liked","Retweet
    
      
    
  
  
    
      
      Retweeted",VT,0
INcountrysassxo,2.34E+17,this crazy storm is making our power go in and out... i love storms like this :) wanna snuggle?,8/9/2012 23:31,"Like
    
      
    1
  
  
    
      
      
      Liked
    
      
    1","Retweet
    
      
    1
  
  
    
      
      Retweeted
    
      
    1",VT,0
Leza_Chris,2.34E+17,Im honestly about to drive home in this storm as soon as chases mom goes to bed. Don't want to be here right now,8/9/2012 22:26,"Like
    
      
    
  
  
    
      
      
      Liked","Retweet
    
      
    
  
  
    
      
      Retweeted",VT,1
amworkman20,2.34E+17,I hope this storm hits us I'm ready for a kick ass storm,8/9/2012 19:36,"Like
    
      
    
  
  
    
      
      
      Liked","Retweet
    
      
    
  
  
    
      
      Retweeted",VT,1
INcountrysassxo,2.33E+17,@FrattyShambles oh hell is also called blackout i guess. if you were close I'd teach you :),8/7/2012 12:06,"Like
    
      
    
  
  
    
      
      
      Liked","Retweet
    
      
    
  
  
    
      
      Retweeted",VT,0
6harmon,2.32E+17,Storm coming in. pic.twitter.com/WRsuDBmI,8/4/2012 18:39,"Like
    
      
    
  
  
    
      
      
      Liked","Retweet
    
      
    
  
  
    
      
      Retweeted",VT,1
_BubbaLicious,2.32E+17,I wish when I chewd dyntine ice gum I magically had that super power freeze breath!,8/4/2012 16:49,"Like
    
      
    
  
  
    
      
      
      Liked","Retweet
    
      
    
  
  
    
      
      Retweeted",VT,1
Bradiation_,2.30E+17,"Dale no power tools! 
Thats my toothbrush 
That is not your toothbrush!
Oh okay im done anyway 
#StepBrothers",7/31/2012 21:48,"Like
    
      
    1
  
  
    
      
      
      Liked
    
      
    1","Retweet
    
      
    2
  
  
    
      
      Retweeted
    
      
    2",VT,1
MasonApi,1.08E+18,"Snag some sweet free templates, then use this comprehensive guide to create an effective product roadmap for your next project—on the Mason blog now: https://hubs.ly/H0g6pQh0 pic.twitter.com/O2ElCttg5Q",1/9/2019 14:03,"Like
    
      
    1
  
  
    
      
      
      Liked
    
      
    1","Retweet
    
      
    
  
  
    
      
      Retweeted",VT,1
WhoaItsKayleigh,2.29E+17,Looks like a nasty ass storm rolling in! pic.twitter.com/GVWCKEBd,7/26/2012 13:47,"Like
    
      
    
  
  
    
      
      
      Liked","Retweet
    
      
    
  
  
    
      
      Retweeted",VT,1
NebulaDwigs,2.28E+17,Chillin in my car charging my phone because the power has been out for 4 & 1/2 hours now. (@ N Indiana St.) http://4sq.com/QynusL,7/24/2012 13:23,"Like
    
      
    
  
  
    
      
      
      Liked","Retweet
    
      
    
  
  
    
      
      Retweeted",VT,0
wickedwxbot,2.28E+17,"damaging #wind - SHARPSVILLE, #IN -- POWER KNOCKED OUT BY STORM WINDS AT TRI-CENTRAL HIGH SCHOOL. (IND) http://goo.gl/ief4N",7/24/2012 10:02,"Like
    
      
    
  
  
    
      
      
      Liked","Retweet
    
      
    
  
  
    
      
      Retweeted",VT,0
jojos_dojo_,2.28E+17,We're in the eye of the storm O_O,7/24/2012 8:50,"Like
    
      
    
  
  
    
      
      
      Liked","Retweet
    
      
    
  
  
    
      
      Retweeted",VT,1
Emm_ily__,2.28E+17,I wish it would storm in Tipton.,7/24/2012 7:21,"Like
    
      
    
  
  
    
      
      
      Liked","Retweet
    
      
    
  
  
    
      
      Retweeted",VT,1
AlyDawn_2012,2.28E+17,Im cold and this storm is keeping me awake! Ughh. .,7/24/2012 3:08,"Like
    
      
    
  
  
    
      
      
      Liked","Retweet
    
      
    
  
  
    
      
      Retweeted",VT,0
earlbeezyy,2.26E+17,@WIZARD_CANTU I guess he just needed a power nap lmao,7/19/2012 18:30,"Like
    
      
    
  
  
    
      
      
      Liked","Retweet
    
      
    
  
  
    
      
      Retweeted",VT,0
brando6356,2.26E+17,My power is back on now bout to eat some kfc. Very funny Emily lol ill make ur power go out lmao,7/19/2012 11:25,"Like
    
      
    
  
  
    
      
      
      Liked","Retweet
    
      
    
  
  
    
      
      Retweeted",VT,0
brando6356,2.26E+17,We r without power right now.hope it comes back on soon.loving the rain though :-),7/19/2012 10:33,"Like
    
      
    
  
  
    
      
      
      Liked","Retweet
    
      
    
  
  
    
      
      Retweeted",VT,0
Riley_time21,2.26E+17,Looks like its going to storm. Awesome at  least I'll be able to sleep!!!,7/19/2012 5:17,"Like
    
      
    
  
  
    
      
      
      Liked","Retweet
    
      
    
  
  
    
      
      Retweeted",VT,0
bcook765,2.26E+17,Successful night at the Wallace Shop.  Power was made.,7/18/2012 23:53,"Like
    
      
    
  
  
    
      
      
      Liked","Retweet
    
      
    3
  
  
    
      
      Retweeted
    
      
    3",VT,1
eventcrazy_in,2.25E+17,"Antique Power Show: Jul 19, 2012 - Jul 22, 2012 Winamac, IN 46996 http://dlvr.it/1sGNz1  #EventCrazyIN #WinamacIN",7/15/2012 23:40,"Like
    
      
    
  
  
    
      
      
      Liked","Retweet
    
      
    
  
  
    
      
      Retweeted",VT,0
lizuhbeth,2.24E+17,I hate when people claim to love God but do everything in their power to do anything and everything non-Christianlike.,7/14/2012 9:40,"Like
    
      
    
  
  
    
      
      
      Liked","Retweet
    
      
    
  
  
    
      
      Retweeted",VT,1
joshuaryanearl,2.23E+17,I want a hover round power chair :),7/10/2012 15:55,"Like
    
      
    
  
  
    
      
      
      Liked","Retweet
    
      
    
  
  
    
      
      Retweeted",VT,1
ArmyWife7242015,2.23E+17,I really want a storm tonight....,7/10/2012 8:28,"Like
    
      
    
  
  
    
      
      
      Liked","Retweet
    
      
    1
  
  
    
      
      Retweeted
    
      
    1",VT,1
eventcrazy_in,2.23E+17,"Antique Power Steam Show: Jul 13, 2012 - Jul 15, 2012 Crown Point, IN 46308 http://dlvr.it/1qn6PD  #EventCrazyIN #CrownPointIN",7/9/2012 23:35,"Like
    
      
    
  
  
    
      
      
      Liked","Retweet
    
      
    
  
  
    
      
      Retweeted",VT,1
smkay__,2.22E+17,RFT“@NotebookOfLove: Never underestimate the power of a teenager who knows what they want.”,7/8/2012 11:42,"Like
    
      
    
  
  
    
      
      
      Liked","Retweet
    
      
    
  
  
    
      
      Retweeted",VT,1
HKayEm3,2.21E+17,"Laying in bed with Lyllie and out of nowhere she says, 'that's the power of home depot' what!? #strangekid",7/5/2012 21:44,"Like
    
      
    
  
  
    
      
      
      Liked","Retweet
    
      
    
  
  
    
      
      Retweeted",VT,1
TyRoseMusic,2.21E+17,Today is the fourth……and my back hurts. Where's the traditional fourth of July rain storm???,7/4/2012 10:17,"Like
    
      
    
  
  
    
      
      
      Liked","Retweet
    
      
    
  
  
    
      
      Retweeted",VT,1
the_toMatto,2.20E+17,Black lady at Applebee's using a power outlet halfway across the dining room to charge her phone. #WTF,7/2/2012 21:34,"Like
    
      
    
  
  
    
      
      
      Liked","Retweet
    
      
    
  
  
    
      
      Retweeted",VT,0
Huawei,1.08E+18,"Huawei unveiled a next-generation chipset for servers even as it faces political headwinds, reports CNBC. 'Only by achieving good quality products can we win our customers,' said board director William Xu who emphasized Huawei complies with local laws.https://tinyurl.com/ycxc6g7c",1/9/2019 3:19,"Like
    
      
    96
  
  
    
      
      
      Liked
    
      
    96","Retweet
    
      
    19
  
  
    
      
      Retweeted
    
      
    19",VT,1
the_toMatto,2.20E+17,"@MemoryLapseGuy depends on the power. A lot of them work from the bench, which makes them better.",7/2/2012 12:43,"Like
    
      
    
  
  
    
      
      
      Liked","Retweet
    
      
    
  
  
    
      
      Retweeted",VT,0
the_toMatto,2.20E+17,"@MemoryLapseGuy yes. However, the Pokémon power dynamotor allows me to play more than one as long as they are out of my discard.",7/2/2012 12:22,"Like
    
      
    
  
  
    
      
      
      Liked","Retweet
    
      
    
  
  
    
      
      Retweeted",VT,1
alli_530,2.19E+17,This storm BETTER be passed over by 7:30!-.-,6/30/2012 15:37,"Like
    
      
    
  
  
    
      
      
      Liked","Retweet
    
      
    
  
  
    
      
      Retweeted",VT,1
La_ReinaLoca,2.19E+17,finally got power at my baby's house thank God cause I woke up sweating,6/30/2012 11:33,"Like
    
      
    
  
  
    
      
      
      Liked","Retweet
    
      
    
  
  
    
      
      Retweeted",VT,0
_abbieokeefe,2.19E+17,sear all the people on my TL saying 'fuck you storm' and 'damn storm woke me up' you sound stupid.,6/30/2012 3:38,"Like
    
      
    
  
  
    
      
      
      Liked","Retweet
    
      
    
  
  
    
      
      Retweeted",VT,0
Letz_mINGLE,2.19E+17,how are me and @JakeBenzinger suppost to jog this morning wen a storm is shitting up a storm thats shitting out another storm-_-,6/30/2012 3:32,"Like
    
      
    
  
  
    
      
      
      Liked","Retweet
    
      
    
  
  
    
      
      Retweeted",VT,0
_abbieokeefe,2.19E+17,seriously? I'm alone and this effing storm is like right out the window and loud as ever!:(,6/30/2012 3:27,"Like
    
      
    
  
  
    
      
      
      Liked","Retweet
    
      
    
  
  
    
      
      Retweeted",VT,0
Kadi0192,2.19E+17,Damn that was a pretty bad storm. I was going under the speed that time.,6/30/2012 1:58,"Like
    
      
    
  
  
    
      
      
      Liked","Retweet
    
      
    
  
  
    
      
      Retweeted",VT,0
_madychristiane,2.19E+17,Ugh my power still isn't back on,6/29/2012 16:04,"Like
    
      
    
  
  
    
      
      
      Liked","Retweet
    
      
    
  
  
    
      
      Retweeted",VT,0
wickedwxbot,2.19E+17,"damaging #wind - KOKOMO, #IN -- TREES AND POWER LINES DOWN (IND) http://goo.gl/blz66",6/29/2012 14:32,"Like
    
      
    
  
  
    
      
      
      Liked","Retweet
    
      
    
  
  
    
      
      Retweeted",VT,0
wickedwxbot,2.19E+17,"damaging #wind - 3 E SHARPSVILLE, #IN -- POWER OUT AT TRI-CENTRAL HIGH SCHOOL (IND) http://goo.gl/oJBv0",6/29/2012 14:32,"Like
    
      
    
  
  
    
      
      
      Liked","Retweet
    
      
    
  
  
    
      
      Retweeted",VT,0
jworkman69,2.19E+17,All of russiavlle is out of power lol,6/29/2012 14:28,"Like
    
      
    
  
  
    
      
      
      Liked","Retweet
    
      
    1
  
  
    
      
      Retweeted
    
      
    1",VT,0
KimSpence93,2.19E+17,With Leeza Herald in an unbelievable storm!!! pic.twitter.com/bwYnFsvU,6/29/2012 14:22,"Like
    
      
    
  
  
    
      
      
      Liked","Retweet
    
      
    
  
  
    
      
      Retweeted",VT,1
_madychristiane,2.19E+17,No power. Now I actually have to hang with my family because it's pitch black in my room ...,6/29/2012 13:59,"Like
    
      
    1
  
  
    
      
      
      Liked
    
      
    1","Retweet
    
      
    
  
  
    
      
      Retweeted",VT,0
6harmon,2.19E+17,wow that was some great lightning and then all light and power went off!,6/29/2012 13:59,"Like
    
      
    
  
  
    
      
      
      Liked","Retweet
    
      
    
  
  
    
      
      Retweeted",VT,0
jworkman69,2.19E+17,I wish my power would either go out or stay on its gettin real annoying,6/29/2012 13:56,"Like
    
      
    
  
  
    
      
      
      Liked","Retweet
    
      
    2
  
  
    
      
      Retweeted
    
      
    2",VT,0
BlondeBecca731,2.19E+17,Fml. Have to leave for work in like 15 to be there by 4. #cautiousdriver #storm,6/29/2012 13:56,"Like
    
      
    
  
  
    
      
      
      Liked","Retweet
    
      
    
  
  
    
      
      Retweeted",VT,1
joshuaryanearl,2.19E+17,This storm I'm driving in is sketchy,6/28/2012 21:32,"Like
    
      
    
  
  
    
      
      
      Liked","Retweet
    
      
    
  
  
    
      
      Retweeted",VT,1
ThatCountry_Boy,2.18E+17,'@ohh_KayyKK: NO WAY!! Doug is on tv!! Helll freaking yes! Miss this show. #ChildhoodCartoons' rocket power was on earlier,6/28/2012 1:40,"Like
    
      
    
  
  
    
      
      
      Liked","Retweet
    
      
    
  
  
    
      
      Retweeted",VT,1
yatown_popular,2.17E+17,Historical Power Show starts Friday http://yatown.com/post/ebff34d4b3704f7ab7940f6ee7afb11c?src=tw … Most read by neighbors in #Vermont #Kokomo,6/25/2012 6:44,"Like
    
      
    
  
  
    
      
      
      Liked","Retweet
    
      
    
  
  
    
      
      Retweeted",VT,0
sensorpro,1.08E+18,"Deliverability is Simple, Right? http://dlvr.it/QwJH9w  by @returnpathpic.twitter.com/trYlsKCdPr",1/9/2019 9:23,"Like
    
      
    
  
  
    
      
      
      Liked","Retweet
    
      
    
  
  
    
      
      Retweeted",VT,1
eventcrazy_in,2.15E+17,"Antique Power Association Tractor Drive and Show: Jun 23, 2012 - Jun 24, 2012 Rockville,... http://dlvr.it/1l6lNY  #EventCrazyIN #RockvilleIN",6/20/2012 4:39,"Like
    
      
    
  
  
    
      
      
      Liked","Retweet
    
      
    
  
  
    
      
      Retweeted",VT,1
Rebellious2Love,2.15E+17,Is she goin to play her???? RT @_Armor_UP: Beyoncé as Storm. I think she would do great.. http://po.st/XhlSMb/,6/18/2012 18:01,"Like
    
      
    
  
  
    
      
      
      Liked","Retweet
    
      
    
  
  
    
      
      Retweeted",VT,1
ArmyWife7242015,2.14E+17,'@kiss_myarch: It needs to storm' i have been saying this for like ever now!!!,6/17/2012 16:29,"Like
    
      
    
  
  
    
      
      
      Liked","Retweet
    
      
    
  
  
    
      
      Retweeted",VT,1
GetMecEnginJobs,2.13E+17,"Power Electronics M... - #Kokomo , IN (http://tinyurl.com/739f75x ) Get Mechanical Engineer Jobs #MechanicalEngineer #jobs #job #GetAllJobs",6/13/2012 17:21,"Like
    
      
    
  
  
    
      
      
      Liked","Retweet
    
      
    
  
  
    
      
      Retweeted",VT,1
eventcrazy_in,2.12E+17,"Fulton County Historical Power Show: Jun 15, 2012 - Jun 17, 2012 Rochester, IN 46975 http://dlvr.it/1j9phR  #EventCrazyIN #RochesterIN",6/11/2012 23:43,"Like
    
      
    
  
  
    
      
      
      Liked","Retweet
    
      
    
  
  
    
      
      Retweeted",VT,0
GetMecEnginJobs,2.11E+17,"Power Electronics M... - #Kokomo , IN (http://tinyurl.com/7ms2jfh ) Get Mechanical Engineer Jobs #MechanicalEngineer #jobs #job #GetAllJobs",6/8/2012 10:26,"Like
    
      
    
  
  
    
      
      
      Liked","Retweet
    
      
    
  
  
    
      
      Retweeted",VT,1
DatNoLimitChick,2.11E+17,Get home n take me a power Nap,6/7/2012 14:30,"Like
    
      
    
  
  
    
      
      
      Liked","Retweet
    
      
    
  
  
    
      
      Retweeted",VT,0
ashleywiendl,2.08E+17,Not parking my car in the garage when I get home ..this storm will give my car a much needed bath!,5/31/2012 13:16,"Like
    
      
    
  
  
    
      
      
      Liked","Retweet
    
      
    
  
  
    
      
      Retweeted",VT,0
eventcrazy_in,2.07E+17,"Antique Power and Engine Show: Jun 01, 2012 - Jun 03, 2012 Danville, IN 46122 http://dlvr.it/1dg19H  #EventCrazyIN #DanvilleIN",5/29/2012 4:54,"Like
    
      
    
  
  
    
      
      
      Liked","Retweet
    
      
    
  
  
    
      
      Retweeted",VT,1
_NonnerBoner_,2.07E+17,Why is everyone so mad about the storm? I loooove storms :),5/29/2012 3:22,"Like
    
      
    
  
  
    
      
      
      Liked","Retweet
    
      
    3
  
  
    
      
      Retweeted
    
      
    3",VT,1
eventcrazy_in,2.05E+17,"Steam Corner Antique Power Show: May 25, 2012 Veedersburg, IN 47987 http://dlvr.it/1br69y  #EventCrazyIN #VeedersburgIN",5/22/2012 0:14,"Like
    
      
    
  
  
    
      
      
      Liked","Retweet
    
      
    
  
  
    
      
      Retweeted",VT,0
Aubstar,2.02E+17,And only the power of the Holy Spirit kept me from letting out a blood-curdling scream! ;-) @OakbrookChurch,5/13/2012 9:34,"Like
    
      
    
  
  
    
      
      
      Liked","Retweet
    
      
    
  
  
    
      
      Retweeted",VT,1
Guidoe3_4Bitch,2.00E+17,@COMPETE_WT_THEZ real shit my nigga I'm pissed to the 18th power I think my fucking head finna pop off or some shit #RNR,5/7/2012 12:09,"Like
    
      
    
  
  
    
      
      
      Liked","Retweet
    
      
    
  
  
    
      
      Retweeted",VT,1
dakotaharts,1.98E+17,I love when people talk shit bout power strokes but they would die If they had mine #SorryNotSorry,5/3/2012 21:10,"Like
    
      
    1
  
  
    
      
      
      Liked
    
      
    1","Retweet
    
      
    1
  
  
    
      
      Retweeted
    
      
    1",VT,1
haileymohler,1.98E+17,"Nicki Minaj: Pink Hair, Katy Perry: Blue Hair, Rihanna: Red Hair & Lady Gaga: Green Hair...OMG! THE POWER RANGERS ARE BACK!",5/3/2012 18:07,"Like
    
      
    
  
  
    
      
      
      Liked","Retweet
    
      
    
  
  
    
      
      Retweeted",VT,1
GetMecEnginJobs,1.98E+17,"Power Electronics M... - #Kokomo , IN (http://tinyurl.com/6vtlk8j ) Get Mechanical Engineer Jobs #MechanicalEngineer #jobs #job #GetAllJobs",5/2/2012 13:24,"Like
    
      
    
  
  
    
      
      
      Liked","Retweet
    
      
    
  
  
    
      
      Retweeted",VT,1
GetMarEnginJobs,1.97E+17,"Advanced Power Electr... - #Kokomo , IN (http://tinyurl.com/7qjz3r2 ) Get Marine Engineering Jobs #MarineEngineering #jobs #job #GetAllJobs",5/1/2012 5:32,"Like
    
      
    
  
  
    
      
      
      Liked","Retweet
    
      
    
  
  
    
      
      Retweeted",VT,0
GetMecEnginJobs,1.97E+17,"Power Electronics M... - #Kokomo , IN (http://tinyurl.com/7w3zybu ) Get Mechanical Engineer Jobs #MechanicalEngineer #jobs #job #GetAllJobs",4/29/2012 22:32,"Like
    
      
    
  
  
    
      
      
      Liked","Retweet
    
      
    
  
  
    
      
      Retweeted",VT,1
GetIndDesigJobs,1.96E+17,"Power Electronics Elect... - #Kokomo , IN (http://tinyurl.com/6vr3huk ) Get Industrial Design Jobs #IndustrialDesign #jobs #job #GetAllJobs",4/27/2012 9:24,"Like
    
      
    
  
  
    
      
      
      Liked","Retweet
    
      
    
  
  
    
      
      Retweeted",VT,1
GetMecEnginJobs,1.95E+17,"Power Electronics M... - #Kokomo , IN (http://tinyurl.com/7dov6ot ) Get Mechanical Engineer Jobs #MechanicalEngineer #jobs #job #GetAllJobs",4/25/2012 23:22,"Like
    
      
    
  
  
    
      
      
      Liked","Retweet
    
      
    
  
  
    
      
      Retweeted",VT,1
TheDailyLifer,1.07E+18,7 Reasons Why EVERYBODY is Obsessed with Throne: Kingdom at War,12/4/2018 13:59,"Like
    
      
    394
  
  
    
      
      
      Liked
    
      
    394","Retweet
    
      
    71
  
  
    
      
      Retweeted
    
      
    71",VT,1
ThisGirl_Morgan,1.94E+17,I just power cleaned my room out of anger!,4/21/2012 23:11,"Like
    
      
    
  
  
    
      
      
      Liked","Retweet
    
      
    
  
  
    
      
      Retweeted",VT,0
Charitymelton15,1.93E+17,About to storm,4/20/2012 16:15,"Like
    
      
    
  
  
    
      
      
      Liked","Retweet
    
      
    
  
  
    
      
      Retweeted",VT,1
ldavidptl,1.92E+17,"'Now may the God of hope fill you with all joy and peace in believing, that you may abound in hope by the power of the Holy Spirit.'Ro15:13",4/16/2012 3:21,"Like
    
      
    
  
  
    
      
      
      Liked","Retweet
    
      
    
  
  
    
      
      Retweeted",VT,1
syssecserv,1.89E+17,"This tells me that the GOP Presidential candidates are lusting after worldly riches, wealth, and power, just like our Democrat President is.",4/7/2012 16:43,"Like
    
      
    
  
  
    
      
      
      Liked","Retweet
    
      
    
  
  
    
      
      Retweeted",VT,1
syssecserv,1.89E+17,The President of the United States has been given more power and authority than the U.S. Constitution even allows.,4/7/2012 16:39,"Like
    
      
    
  
  
    
      
      
      Liked","Retweet
    
      
    
  
  
    
      
      Retweeted",VT,1
mfogie69,1.88E+17,"I crushed the 'Begin construction on a Lumbermill, Quarry, and Ironmine' quest in #Valor. Power...OVERWHELMING. http://bit.ly/valorgame",4/5/2012 8:05,"Like
    
      
    
  
  
    
      
      
      Liked","Retweet
    
      
    
  
  
    
      
      Retweeted",VT,1
syssecserv,1.88E+17,"We have certain rights, liberties, and freedoms, and the U.S. Government does not have the power or authority to take them away from us.",4/5/2012 0:26,"Like
    
      
    
  
  
    
      
      
      Liked","Retweet
    
      
    
  
  
    
      
      Retweeted",VT,1
Liltemp88,1.86E+17,Ready for a good storm :-),3/30/2012 14:53,"Like
    
      
    
  
  
    
      
      
      Liked","Retweet
    
      
    
  
  
    
      
      Retweeted",VT,0
ldavidptl,1.82E+17,"'Be of good courage, And He shall strengthen your heart, All you who hope in the Lord.' Psalm 31:24
In every season, circumstance, storm...",3/20/2012 5:45,"Like
    
      
    
  
  
    
      
      
      Liked","Retweet
    
      
    
  
  
    
      
      Retweeted",VT,1
SoMarandom,1.82E+17,Oh @Sunarest ....sometimes the storm brings out the sun :),3/19/2012 21:09,"Like
    
      
    
  
  
    
      
      
      Liked","Retweet
    
      
    
  
  
    
      
      Retweeted",VT,1
SoMarandom,1.81E+17,Power just shut off =/,3/16/2012 2:49,"Like
    
      
    
  
  
    
      
      
      Liked","Retweet
    
      
    
  
  
    
      
      Retweeted",VT,0
lizuhbeth,1.80E+17,We will never be able to control how we feel.. That's why God gave us the power to control how we act.,3/13/2012 20:47,"Like
    
      
    
  
  
    
      
      
      Liked","Retweet
    
      
    2
  
  
    
      
      Retweeted
    
      
    2",VT,1
lizuhbeth,1.79E+17,Is it about to storm?,3/12/2012 20:28,"Like
    
      
    
  
  
    
      
      
      Liked","Retweet
    
      
    
  
  
    
      
      Retweeted",VT,1
lizuhbeth,1.76E+17,#MajorTurnOns When a guy is stronger than me and can over power me  mmm.,3/4/2012 21:12,"Like
    
      
    
  
  
    
      
      
      Liked","Retweet
    
      
    
  
  
    
      
      Retweeted",VT,1
NICK_E_STEEZ,1.76E+17,"Jus smashed hard at Great Wall, shit storm in the forecast",3/4/2012 14:07,"Like
    
      
    
  
  
    
      
      
      Liked","Retweet
    
      
    
  
  
    
      
      Retweeted",VT,1
GetMecEnginJobs,1.76E+17,"Power Electronics M... - #Kokomo , IN (http://tinyurl.com/82wgyu9 ) Get Mechanical Engineer Jobs #MechanicalEngineer #jobs #job #GetAllJobs",3/3/2012 16:25,"Like
    
      
    
  
  
    
      
      
      Liked","Retweet
    
      
    
  
  
    
      
      Retweeted",VT,1
Cortnie_jean,1.75E+17,Flower gleam and glow let your power shine make the clock reverse bring back what once was mine #tangled <3,2/29/2012 19:13,"Like
    
      
    
  
  
    
      
      
      Liked","Retweet
    
      
    
  
  
    
      
      Retweeted",VT,1
ldavidptl,1.73E+17,"'I will sing of Your power; Yes, I will sing aloud of Your mercy in the morning;...And refuge in the day of my trouble.'Ps59:16",2/25/2012 5:48,"Like
    
      
    
  
  
    
      
      
      Liked","Retweet
    
      
    
  
  
    
      
      Retweeted",VT,1
lizuhbeth,1.72E+17,"I'm so relieved to finally have both my power points, my essay, and my oral report all done",2/22/2012 7:34,"Like
    
      
    
  
  
    
      
      
      Liked","Retweet
    
      
    
  
  
    
      
      Retweeted",VT,1
ldavidptl,1.72E+17,"'To God our Savior, Who alone is wise, Be glory and majesty, Dominion and power, Both now and forever. Amen.' Jude 1:25 
'Live-Laugh-Love'",2/20/2012 4:28,"Like
    
      
    
  
  
    
      
      
      Liked","Retweet
    
      
    
  
  
    
      
      Retweeted",VT,1
PrimeVideo,1.08E+18,"The scandal you know, the story you don't. From Executive Producer @JordanPeele comes #LorenaSeries, 2/15.pic.twitter.com/MnqullMsJU",1/8/2019 13:00,"Like
    
      
    4.3K
  
  
    
      
      
      Liked
    
      
    4.3K","Retweet
    
      
    1.4K
  
  
    
      
      Retweeted
    
      
    1.4K",VT,1
stephenadrian09,1.71E+17,"If it weren't for the power of social media, I would have never known that women, in fact, are not human.",2/18/2012 20:49,"Like
    
      
    
  
  
    
      
      
      Liked","Retweet
    
      
    
  
  
    
      
      Retweeted",VT,1
StephHodges72,1.70E+17,"@LittleJazzlyn Wow--your voice reminds me of the power of the late Whitney Houston. Again, Simon really messed up!! U will be a world star!!",2/15/2012 11:54,"Like
    
      
    
  
  
    
      
      
      Liked","Retweet
    
      
    
  
  
    
      
      Retweeted",VT,1
ldavidptl,1.70E+17,Mornings are my favorite time of the day. Thank You LORD Jesus for Your sweet presence. There is awesome power in the name of Jesus this day,2/15/2012 4:15,"Like
    
      
    
  
  
    
      
      
      Liked","Retweet
    
      
    
  
  
    
      
      Retweeted",VT,1
eventcrazy_in,1.69E+17,"Michiana Boat and Power Sports Show - Century Center, South Bend, IN: Feb 17, 2012 - Feb... http://dlvr.it/1C1VGH  #EventCrazyIN #SouthBendIN",2/14/2012 2:33,"Like
    
      
    
  
  
    
      
      
      Liked","Retweet
    
      
    
  
  
    
      
      Retweeted",VT,1
shane_saunders,1.68E+17,"The Greatness of God only rest in the beauty of his love, it's not in his power because his power is that he loves. B'cuz his love he died.",2/9/2012 16:11,"Like
    
      
    
  
  
    
      
      
      Liked","Retweet
    
      
    
  
  
    
      
      Retweeted",VT,1
rustymaynard,1.64E+17,"Dear GOD, my Master, u created earth and sky by your great power-- by merely stretching out your arm! There is nothing u can't do.  Jer32:17",1/30/2012 6:28,"Like
    
      
    
  
  
    
      
      
      Liked","Retweet
    
      
    
  
  
    
      
      Retweeted",VT,1
patcole9,1.64E+17,Power just went out...?,1/29/2012 14:45,"Like
    
      
    
  
  
    
      
      
      Liked","Retweet
    
      
    
  
  
    
      
      Retweeted",VT,0
jennwooley,1.64E+17,Ready to start a new chapter! Love the power of God!!,1/29/2012 11:58,"Like
    
      
    
  
  
    
      
      
      Liked","Retweet
    
      
    
  
  
    
      
      Retweeted",VT,1
GetMinEnginJobs,1.63E+17,"Power Electronics Ele... - #Kokomo , IN (http://tinyurl.com/7ovctxd ) Get Mining Engineering Jobs #MiningEngineering #jobs #job #GetAllJobs",1/28/2012 2:58,"Like
    
      
    
  
  
    
      
      
      Liked","Retweet
    
      
    
  
  
    
      
      Retweeted",VT,0
Murphys_Law58,1.63E+17,I hate liars and thieves they all will answer one day to a higher power,1/27/2012 20:24,"Like
    
      
    
  
  
    
      
      
      Liked","Retweet
    
      
    
  
  
    
      
      Retweeted",VT,1
n2fordtrucks,1.63E+17,"2 Timothy 1:7 ()
7 For God gave us a spirit not of fear but of power and love and self-control. #Bible http://j.mp/rNAfr8",1/27/2012 6:35,"Like
    
      
    
  
  
    
      
      
      Liked","Retweet
    
      
    
  
  
    
      
      Retweeted",VT,1
ldavidptl,1.63E+17,"'He gives power to the weak, And to  those who have  no might He increases strength.' Isa..40:29 Father God cares for you!",1/26/2012 15:11,"Like
    
      
    
  
  
    
      
      
      Liked","Retweet
    
      
    
  
  
    
      
      Retweeted",VT,1
_christinabby,1.61E+17,this storm isn't helping my attempts of #Teamnosleep,1/23/2012 1:57,"Like
    
      
    
  
  
    
      
      
      Liked","Retweet
    
      
    
  
  
    
      
      Retweeted",VT,0
_christinabby,1.61E+17,this storm is about to get beautiful <3,1/23/2012 1:27,"Like
    
      
    
  
  
    
      
      
      Liked","Retweet
    
      
    
  
  
    
      
      Retweeted",VT,1
_Dirty_J,1.61E+17,It's supposed to storm!!:),1/22/2012 20:49,"Like
    
      
    
  
  
    
      
      
      Liked","Retweet
    
      
    
  
  
    
      
      Retweeted",VT,1
rustymaynard,1.61E+17,“@RickAtchley: The mission of the church is not to hold down the fort; it is to storm the gates of hell.” #amen,1/22/2012 13:41,"Like
    
      
    
  
  
    
      
      
      Liked","Retweet
    
      
    
  
  
    
      
      Retweeted",VT,1
the_toMatto,1.61E+17,"@sumwhitey I WILL TRAVEL, ACROSS THE LAND, SEARCHING FAR AND WIDE! EACH POKEMON, TO UNDERSTAND, THE POWER THAT'S INSIDE!!!!",1/21/2012 20:22,"Like
    
      
    
  
  
    
      
      
      Liked","Retweet
    
      
    
  
  
    
      
      Retweeted",VT,0
n2fordtrucks,1.60E+17,"Deuteronomy 8:17-18 ()
17 Beware lest you say in your heart, My power and the might of my hand .... #Bible http://j.mp/sqGtpy",1/19/2012 8:15,"Like
    
      
    
  
  
    
      
      
      Liked","Retweet
    
      
    
  
  
    
      
      Retweeted",VT,1
k_baaby_,1.60E+17,"Awhhh, @JUicee_Boxx_ is presenting her power point(; #GoodGirl",1/18/2012 8:47,"Like
    
      
    
  
  
    
      
      
      Liked","Retweet
    
      
    
  
  
    
      
      Retweeted",VT,1
KokomoIN,1.59E+17,special weather statement national weather service jackson ms 326 pm cst tue jan 17 2012 ...strong storm moving towa... http://j.mp/wGIIZt,1/17/2012 17:01,"Like
    
      
    
  
  
    
      
      
      Liked","Retweet
    
      
    
  
  
    
      
      Retweeted",VT,1
aMrs_Brookshire,1.59E+17,@_HannahMichele did the movie scare you?! :) and the storm was freaky!!,1/17/2012 8:44,"Like
    
      
    
  
  
    
      
      
      Liked","Retweet
    
      
    
  
  
    
      
      Retweeted",VT,0
lizuhbeth,1.59E+17,The storm kept me up :(,1/17/2012 7:15,"Like
    
      
    
  
  
    
      
      
      Liked","Retweet
    
      
    
  
  
    
      
      Retweeted",VT,0
rustymaynard,1.56E+17,"But it is God whose power made the earth, whose wisdom gave shape to the world, who crafted the cosmos.  Jeremiah 10:12",1/8/2012 6:50,"Like
    
      
    
  
  
    
      
      
      Liked","Retweet
    
      
    
  
  
    
      
      Retweeted",VT,1
the_toMatto,1.55E+17,"@BASEDDRAG @shinyminidrake @goronhead I don't know, but he's no match for my faggot power!",1/6/2012 20:20,"Like
    
      
    
  
  
    
      
      
      Liked","Retweet
    
      
    
  
  
    
      
      Retweeted",VT,1
